Time,Driver,LapTime,LapNumber,Stint,PitOutTime,PitInTime,Compound,TyreLife,TrackStatus
0 days 01:03:16.592000,VER,0 days 00:01:19.660000,1,1,0 days 00:23:48.433000,,SOFT,1,1
0 days 01:04:32.841000,VER,0 days 00:01:16.249000,2,1,,,SOFT,2,2
0 days 01:05:49.364000,VER,0 days 00:01:16.523000,3,1,,,SOFT,3,1
0 days 01:07:06.020000,VER,0 days 00:01:16.656000,4,1,,,SOFT,4,2
0 days 01:08:22.469000,VER,0 days 00:01:16.449000,5,1,,,SOFT,5,1
0 days 01:09:38.819000,VER,0 days 00:01:16.350000,6,1,,,SOFT,6,1
0 days 01:10:55.072000,VER,0 days 00:01:16.253000,7,1,,,SOFT,7,1
0 days 01:12:11.558000,VER,0 days 00:01:16.486000,8,1,,,SOFT,8,1
0 days 01:13:28.068000,VER,0 days 00:01:16.510000,9,1,,,SOFT,9,1
0 days 01:14:44.704000,VER,0 days 00:01:16.636000,10,1,,,SOFT,10,1
0 days 01:16:01.375000,VER,0 days 00:01:16.671000,11,1,,,SOFT,11,1
0 days 01:17:18.073000,VER,0 days 00:01:16.698000,12,1,,,SOFT,12,1
0 days 01:18:34.594000,VER,0 days 00:01:16.521000,13,1,,,SOFT,13,1
0 days 01:19:51.055000,VER,0 days 00:01:16.461000,14,1,,,SOFT,14,1
0 days 01:21:07.574000,VER,0 days 00:01:16.519000,15,1,,,SOFT,15,1
0 days 01:22:24.111000,VER,0 days 00:01:16.537000,16,1,,,SOFT,16,1
0 days 01:23:40.603000,VER,0 days 00:01:16.492000,17,1,,,SOFT,17,1
0 days 01:25:00.031000,VER,0 days 00:01:19.428000,18,1,,0 days 01:24:58.523000,SOFT,18,1
0 days 01:26:34.771000,VER,0 days 00:01:34.740000,19,2,0 days 01:25:18.109000,,MEDIUM,1,1
0 days 01:27:50.675000,VER,0 days 00:01:15.904000,20,2,,,MEDIUM,2,1
0 days 01:29:06.934000,VER,0 days 00:01:16.259000,21,2,,,MEDIUM,3,1
0 days 01:30:22.930000,VER,0 days 00:01:15.996000,22,2,,,MEDIUM,4,1
0 days 01:31:39.094000,VER,0 days 00:01:16.164000,23,2,,,MEDIUM,5,1
0 days 01:32:55.318000,VER,0 days 00:01:16.224000,24,2,,,MEDIUM,6,1
0 days 01:34:11.420000,VER,0 days 00:01:16.102000,25,2,,,MEDIUM,7,1
0 days 01:35:27.503000,VER,0 days 00:01:16.083000,26,2,,,MEDIUM,8,1
0 days 01:36:43.228000,VER,0 days 00:01:15.725000,27,2,,,MEDIUM,9,1
0 days 01:37:59.279000,VER,0 days 00:01:16.051000,28,2,,,MEDIUM,10,1
0 days 01:39:15.406000,VER,0 days 00:01:16.127000,29,2,,,MEDIUM,11,1
0 days 01:40:31.765000,VER,0 days 00:01:16.359000,30,2,,,MEDIUM,12,1
0 days 01:41:48.318000,VER,0 days 00:01:16.553000,31,2,,,MEDIUM,13,1
0 days 01:43:04.645000,VER,0 days 00:01:16.327000,32,2,,,MEDIUM,14,1
0 days 01:44:20.914000,VER,0 days 00:01:16.269000,33,2,,,MEDIUM,15,1
0 days 01:45:37.193000,VER,0 days 00:01:16.279000,34,2,,,MEDIUM,16,1
0 days 01:46:53.527000,VER,0 days 00:01:16.334000,35,2,,,MEDIUM,17,1
0 days 01:48:09.623000,VER,0 days 00:01:16.096000,36,2,,,MEDIUM,18,1
0 days 01:49:25.725000,VER,0 days 00:01:16.102000,37,2,,,MEDIUM,19,1
0 days 01:50:41.844000,VER,0 days 00:01:16.119000,38,2,,,MEDIUM,20,1
0 days 01:51:57.879000,VER,0 days 00:01:16.035000,39,2,,,MEDIUM,21,1
0 days 01:53:13.719000,VER,0 days 00:01:15.840000,40,2,,,MEDIUM,22,1
0 days 01:54:29.816000,VER,0 days 00:01:16.097000,41,2,,,MEDIUM,23,1
0 days 01:55:45.756000,VER,0 days 00:01:15.940000,42,2,,,MEDIUM,24,1
0 days 01:57:02.334000,VER,0 days 00:01:16.578000,43,2,,,MEDIUM,25,1
0 days 01:58:17.990000,VER,0 days 00:01:15.656000,44,2,,,MEDIUM,26,2
0 days 01:59:35.212000,VER,0 days 00:01:17.222000,45,2,,,MEDIUM,27,2
0 days 02:00:50.811000,VER,0 days 00:01:15.599000,46,2,,,MEDIUM,28,1
0 days 02:02:06.567000,VER,0 days 00:01:15.756000,47,2,,,MEDIUM,29,2
0 days 02:03:45.851000,VER,0 days 00:01:39.284000,48,2,,0 days 02:03:44.337000,MEDIUM,30,26
0 days 02:05:47.296000,VER,0 days 00:02:01.445000,49,3,0 days 02:04:03.901000,,HARD,1,6
0 days 02:07:10.522000,VER,0 days 00:01:23.226000,50,3,,,HARD,2,67
0 days 02:08:24.976000,VER,0 days 00:01:14.454000,51,3,,,HARD,3,1
0 days 02:09:39.625000,VER,0 days 00:01:14.649000,52,3,,,HARD,4,1
0 days 02:10:54.070000,VER,0 days 00:01:14.445000,53,3,,,HARD,5,1
0 days 02:12:08.610000,VER,0 days 00:01:14.540000,54,3,,,HARD,6,1
0 days 02:13:23.453000,VER,0 days 00:01:14.843000,55,3,,,HARD,7,2
0 days 02:14:49.554000,VER,0 days 00:01:26.101000,56,3,,0 days 02:14:47.994000,HARD,8,24
0 days 02:17:24.183000,VER,0 days 00:02:34.629000,57,4,0 days 02:15:07.641000,0 days 02:17:22.508000,SOFT,4,4
0 days 02:19:41.900000,VER,0 days 00:02:17.717000,58,5,0 days 02:17:36.619000,,SOFT,5,4
0 days 02:21:49.125000,VER,0 days 00:02:07.225000,59,5,,,SOFT,6,4
0 days 02:23:51.245000,VER,0 days 00:02:02.120000,60,5,,,SOFT,7,4
0 days 02:25:04.927000,VER,0 days 00:01:13.682000,61,5,,,SOFT,8,1
0 days 02:26:18.579000,VER,0 days 00:01:13.652000,62,5,,,SOFT,9,1
0 days 02:27:32.359000,VER,0 days 00:01:13.780000,63,5,,,SOFT,10,1
0 days 02:28:46.250000,VER,0 days 00:01:13.891000,64,5,,,SOFT,11,1
0 days 02:30:00.179000,VER,0 days 00:01:13.929000,65,5,,,SOFT,12,1
0 days 02:31:14.139000,VER,0 days 00:01:13.960000,66,5,,,SOFT,13,1
0 days 02:32:28.107000,VER,0 days 00:01:13.968000,67,5,,,SOFT,14,1
0 days 02:33:42.055000,VER,0 days 00:01:13.948000,68,5,,,SOFT,15,1
0 days 02:34:56.082000,VER,0 days 00:01:14.027000,69,5,,,SOFT,16,1
0 days 02:36:10.312000,VER,0 days 00:01:14.230000,70,5,,,SOFT,17,1
0 days 02:37:24.664000,VER,0 days 00:01:14.352000,71,5,,,SOFT,18,1
0 days 02:38:39.725000,VER,0 days 00:01:15.061000,72,5,,,SOFT,19,1
0 days 01:03:24.795000,GAS,0 days 00:01:27.863000,1,1,0 days 00:22:33.689000,,SOFT,4,1
0 days 01:04:43.729000,GAS,0 days 00:01:18.934000,2,1,,,SOFT,5,2
0 days 01:06:01.868000,GAS,0 days 00:01:18.139000,3,1,,,SOFT,6,1
0 days 01:07:19.792000,GAS,0 days 00:01:17.924000,4,1,,,SOFT,7,2
0 days 01:08:37.794000,GAS,0 days 00:01:18.002000,5,1,,,SOFT,8,1
0 days 01:09:55.745000,GAS,0 days 00:01:17.951000,6,1,,,SOFT,9,1
0 days 01:11:14.024000,GAS,0 days 00:01:18.279000,7,1,,,SOFT,10,1
0 days 01:12:32.207000,GAS,0 days 00:01:18.183000,8,1,,,SOFT,11,1
0 days 01:13:50.915000,GAS,0 days 00:01:18.708000,9,1,,,SOFT,12,1
0 days 01:15:10.381000,GAS,0 days 00:01:19.466000,10,1,,,SOFT,13,1
0 days 01:16:32.804000,GAS,0 days 00:01:22.423000,11,1,,0 days 01:16:31.178000,SOFT,14,1
0 days 01:18:08.863000,GAS,0 days 00:01:36.059000,12,2,0 days 01:16:49.973000,,MEDIUM,2,1
0 days 01:19:26.144000,GAS,0 days 00:01:17.281000,13,2,,,MEDIUM,3,1
0 days 01:20:43.982000,GAS,0 days 00:01:17.838000,14,2,,,MEDIUM,4,1
0 days 01:22:01.309000,GAS,0 days 00:01:17.327000,15,2,,,MEDIUM,5,1
0 days 01:23:18.624000,GAS,0 days 00:01:17.315000,16,2,,,MEDIUM,6,1
0 days 01:24:35.854000,GAS,0 days 00:01:17.230000,17,2,,,MEDIUM,7,1
0 days 01:25:53.342000,GAS,0 days 00:01:17.488000,18,2,,,MEDIUM,8,1
0 days 01:27:11.222000,GAS,0 days 00:01:17.880000,19,2,,,MEDIUM,9,1
0 days 01:28:28.737000,GAS,0 days 00:01:17.515000,20,2,,,MEDIUM,10,1
0 days 01:29:46.167000,GAS,0 days 00:01:17.430000,21,2,,,MEDIUM,11,1
0 days 01:31:03.744000,GAS,0 days 00:01:17.577000,22,2,,,MEDIUM,12,1
0 days 01:32:21.838000,GAS,0 days 00:01:18.094000,23,2,,,MEDIUM,13,1
0 days 01:33:40.006000,GAS,0 days 00:01:18.168000,24,2,,,MEDIUM,14,1
0 days 01:34:57.822000,GAS,0 days 00:01:17.816000,25,2,,,MEDIUM,15,1
0 days 01:36:15.541000,GAS,0 days 00:01:17.719000,26,2,,,MEDIUM,16,1
0 days 01:37:33.257000,GAS,0 days 00:01:17.716000,27,2,,,MEDIUM,17,1
0 days 01:38:50.913000,GAS,0 days 00:01:17.656000,28,2,,,MEDIUM,18,1
0 days 01:40:08.794000,GAS,0 days 00:01:17.881000,29,2,,,MEDIUM,19,1
0 days 01:41:26.522000,GAS,0 days 00:01:17.728000,30,2,,,MEDIUM,20,1
0 days 01:42:44.420000,GAS,0 days 00:01:17.898000,31,2,,,MEDIUM,21,1
0 days 01:44:05.372000,GAS,0 days 00:01:20.952000,32,2,,0 days 01:44:03.875000,MEDIUM,22,1
0 days 01:45:41.172000,GAS,0 days 00:01:35.800000,33,3,0 days 01:44:22.570000,,HARD,2,1
0 days 01:46:57.737000,GAS,0 days 00:01:16.565000,34,3,,,HARD,3,1
0 days 01:48:14.267000,GAS,0 days 00:01:16.530000,35,3,,,HARD,4,1
0 days 01:49:30.876000,GAS,0 days 00:01:16.609000,36,3,,,HARD,5,1
0 days 01:50:47.378000,GAS,0 days 00:01:16.502000,37,3,,,HARD,6,1
0 days 01:52:03.823000,GAS,0 days 00:01:16.445000,38,3,,,HARD,7,1
0 days 01:53:20.150000,GAS,0 days 00:01:16.327000,39,3,,,HARD,8,1
0 days 01:54:36.548000,GAS,0 days 00:01:16.398000,40,3,,,HARD,9,1
0 days 01:55:52.910000,GAS,0 days 00:01:16.362000,41,3,,,HARD,10,1
0 days 01:57:09.171000,GAS,0 days 00:01:16.261000,42,3,,,HARD,11,1
0 days 01:58:25.293000,GAS,0 days 00:01:16.122000,43,3,,,HARD,12,2
0 days 01:59:42.154000,GAS,0 days 00:01:16.861000,44,3,,,HARD,13,2
0 days 02:00:58.615000,GAS,0 days 00:01:16.461000,45,3,,,HARD,14,1
0 days 02:02:14.725000,GAS,0 days 00:01:16.110000,46,3,,,HARD,15,2
0 days 02:03:53.261000,GAS,0 days 00:01:38.536000,47,3,,,HARD,16,26
0 days 02:05:36.939000,GAS,0 days 00:01:43.678000,48,3,,,HARD,17,6
0 days 02:07:04.781000,GAS,0 days 00:01:27.842000,49,3,,,HARD,18,67
0 days 02:08:21.283000,GAS,0 days 00:01:16.502000,50,3,,,HARD,19,1
0 days 02:09:37.495000,GAS,0 days 00:01:16.212000,51,3,,,HARD,20,1
0 days 02:10:54.109000,GAS,0 days 00:01:16.614000,52,3,,,HARD,21,1
0 days 02:12:11.659000,GAS,0 days 00:01:17.550000,53,3,,,HARD,22,1
0 days 02:13:27.996000,GAS,0 days 00:01:16.337000,54,3,,,HARD,23,2
0 days 02:14:53.595000,GAS,0 days 00:01:25.599000,55,3,,,HARD,24,24
0 days 02:16:38.871000,GAS,0 days 00:01:45.276000,56,3,,0 days 02:16:37.230000,HARD,25,4
0 days 02:18:22.180000,GAS,0 days 00:01:43.309000,57,4,0 days 02:16:55.887000,0 days 02:18:20.696000,SOFT,1,4
0 days 02:20:05.343000,GAS,0 days 00:01:43.163000,58,5,0 days 02:18:34.600000,,SOFT,2,4
0 days 02:22:04.770000,GAS,0 days 00:01:59.427000,59,5,,,SOFT,3,4
0 days 02:23:55.459000,GAS,0 days 00:01:50.689000,60,5,,,SOFT,4,4
0 days 02:25:12.130000,GAS,0 days 00:01:16.671000,61,5,,,SOFT,5,1
0 days 02:26:28.336000,GAS,0 days 00:01:16.206000,62,5,,,SOFT,6,1
0 days 02:27:43.506000,GAS,0 days 00:01:15.170000,63,5,,,SOFT,7,1
0 days 02:28:58.830000,GAS,0 days 00:01:15.324000,64,5,,,SOFT,8,1
0 days 02:30:13.995000,GAS,0 days 00:01:15.165000,65,5,,,SOFT,9,1
0 days 02:31:29.166000,GAS,0 days 00:01:15.171000,66,5,,,SOFT,10,1
0 days 02:32:44.714000,GAS,0 days 00:01:15.548000,67,5,,,SOFT,11,1
0 days 02:34:00.830000,GAS,0 days 00:01:16.116000,68,5,,,SOFT,12,1
0 days 02:35:16.796000,GAS,0 days 00:01:15.966000,69,5,,,SOFT,13,1
0 days 02:36:33.066000,GAS,0 days 00:01:16.270000,70,5,,,SOFT,14,1
0 days 02:37:50.013000,GAS,0 days 00:01:16.947000,71,5,,,SOFT,15,1
0 days 02:39:06.714000,GAS,0 days 00:01:16.701000,72,5,,,SOFT,16,1
0 days 01:03:20.661000,PER,0 days 00:01:23.729000,1,1,0 days 00:23:54.703000,,SOFT,6,1
0 days 01:04:37.706000,PER,0 days 00:01:17.045000,2,1,,,SOFT,7,2
0 days 01:05:54.833000,PER,0 days 00:01:17.127000,3,1,,,SOFT,8,1
0 days 01:07:11.734000,PER,0 days 00:01:16.901000,4,1,,,SOFT,9,2
0 days 01:08:28.607000,PER,0 days 00:01:16.873000,5,1,,,SOFT,10,1
0 days 01:09:45.403000,PER,0 days 00:01:16.796000,6,1,,,SOFT,11,1
0 days 01:11:02.431000,PER,0 days 00:01:17.028000,7,1,,,SOFT,12,1
0 days 01:12:19.299000,PER,0 days 00:01:16.868000,8,1,,,SOFT,13,1
0 days 01:13:36.446000,PER,0 days 00:01:17.147000,9,1,,,SOFT,14,1
0 days 01:14:53.898000,PER,0 days 00:01:17.452000,10,1,,,SOFT,15,1
0 days 01:16:11.461000,PER,0 days 00:01:17.563000,11,1,,,SOFT,16,1
0 days 01:17:28.982000,PER,0 days 00:01:17.521000,12,1,,,SOFT,17,1
0 days 01:18:46.481000,PER,0 days 00:01:17.499000,13,1,,,SOFT,18,1
0 days 01:20:06.762000,PER,0 days 00:01:20.281000,14,1,,0 days 01:20:05.082000,SOFT,19,1
0 days 01:21:41.403000,PER,0 days 00:01:34.641000,15,2,0 days 01:20:23.994000,,MEDIUM,1,1
0 days 01:22:57.822000,PER,0 days 00:01:16.419000,16,2,,,MEDIUM,2,1
0 days 01:24:14.319000,PER,0 days 00:01:16.497000,17,2,,,MEDIUM,3,1
0 days 01:25:30.736000,PER,0 days 00:01:16.417000,18,2,,,MEDIUM,4,1
0 days 01:26:46.874000,PER,0 days 00:01:16.138000,19,2,,,MEDIUM,5,1
0 days 01:28:03.094000,PER,0 days 00:01:16.220000,20,2,,,MEDIUM,6,1
0 days 01:29:19.120000,PER,0 days 00:01:16.026000,21,2,,,MEDIUM,7,1
0 days 01:30:35.525000,PER,0 days 00:01:16.405000,22,2,,,MEDIUM,8,1
0 days 01:31:51.765000,PER,0 days 00:01:16.240000,23,2,,,MEDIUM,9,1
0 days 01:33:08.334000,PER,0 days 00:01:16.569000,24,2,,,MEDIUM,10,1
0 days 01:34:24.700000,PER,0 days 00:01:16.366000,25,2,,,MEDIUM,11,1
0 days 01:35:40.892000,PER,0 days 00:01:16.192000,26,2,,,MEDIUM,12,1
0 days 01:36:57.191000,PER,0 days 00:01:16.299000,27,2,,,MEDIUM,13,1
0 days 01:38:13.442000,PER,0 days 00:01:16.251000,28,2,,,MEDIUM,14,1
0 days 01:39:29.836000,PER,0 days 00:01:16.394000,29,2,,,MEDIUM,15,1
0 days 01:40:46.421000,PER,0 days 00:01:16.585000,30,2,,,MEDIUM,16,1
0 days 01:42:03.226000,PER,0 days 00:01:16.805000,31,2,,,MEDIUM,17,1
0 days 01:43:20.147000,PER,0 days 00:01:16.921000,32,2,,,MEDIUM,18,1
0 days 01:44:36.798000,PER,0 days 00:01:16.651000,33,2,,,MEDIUM,19,1
0 days 01:45:53.467000,PER,0 days 00:01:16.669000,34,2,,,MEDIUM,20,1
0 days 01:47:10.338000,PER,0 days 00:01:16.871000,35,2,,,MEDIUM,21,1
0 days 01:48:27.951000,PER,0 days 00:01:17.613000,36,2,,,MEDIUM,22,1
0 days 01:49:47.758000,PER,0 days 00:01:19.807000,37,2,,,MEDIUM,23,1
0 days 01:51:04.620000,PER,0 days 00:01:16.862000,38,2,,,MEDIUM,24,1
0 days 01:52:22.338000,PER,0 days 00:01:17.718000,39,2,,,MEDIUM,25,1
0 days 01:53:41.779000,PER,0 days 00:01:19.441000,40,2,,0 days 01:53:40.366000,MEDIUM,26,1
0 days 01:55:15.867000,PER,0 days 00:01:34.088000,41,3,0 days 01:53:58.908000,,HARD,1,1
0 days 01:56:30.797000,PER,0 days 00:01:14.930000,42,3,,,HARD,2,1
0 days 01:57:47.383000,PER,0 days 00:01:16.586000,43,3,,,HARD,3,1
0 days 01:59:03.112000,PER,0 days 00:01:15.729000,44,3,,,HARD,4,2
0 days 02:00:18.223000,PER,0 days 00:01:15.111000,45,3,,,HARD,5,1
0 days 02:01:33.319000,PER,0 days 00:01:15.096000,46,3,,,HARD,6,1
0 days 02:03:02.117000,PER,0 days 00:01:28.798000,47,3,,,HARD,7,26
0 days 02:04:42.833000,PER,0 days 00:01:40.716000,48,3,,,HARD,8,6
0 days 02:06:22.483000,PER,0 days 00:01:39.650000,49,3,,,HARD,9,67
0 days 02:07:38.260000,PER,0 days 00:01:15.777000,50,3,,,HARD,10,1
0 days 02:08:53.168000,PER,0 days 00:01:14.908000,51,3,,,HARD,11,1
0 days 02:10:08.286000,PER,0 days 00:01:15.118000,52,3,,,HARD,12,1
0 days 02:11:23.407000,PER,0 days 00:01:15.121000,53,3,,,HARD,13,1
0 days 02:12:39.013000,PER,0 days 00:01:15.606000,54,3,,,HARD,14,1
0 days 02:13:54.120000,PER,0 days 00:01:15.107000,55,3,,,HARD,15,2
0 days 02:15:30.828000,PER,0 days 00:01:36.708000,56,3,,0 days 02:15:29.278000,HARD,16,24
0 days 02:17:38.743000,PER,0 days 00:02:07.915000,57,4,0 days 02:15:48.505000,0 days 02:17:37.064000,MEDIUM,1,4
0 days 02:19:50.105000,PER,0 days 00:02:11.362000,58,5,0 days 02:17:51.178000,,MEDIUM,2,4
0 days 02:21:53.602000,PER,0 days 00:02:03.497000,59,5,,,MEDIUM,3,4
0 days 02:23:52.868000,PER,0 days 00:01:59.266000,60,5,,,MEDIUM,4,4
0 days 02:25:09.437000,PER,0 days 00:01:16.569000,61,5,,,MEDIUM,5,1
0 days 02:26:24.278000,PER,0 days 00:01:14.841000,62,5,,,MEDIUM,6,1
0 days 02:27:38.682000,PER,0 days 00:01:14.404000,63,5,,,MEDIUM,7,1
0 days 02:28:53.674000,PER,0 days 00:01:14.992000,64,5,,,MEDIUM,8,1
0 days 02:30:08.702000,PER,0 days 00:01:15.028000,65,5,,,MEDIUM,9,1
0 days 02:31:23.900000,PER,0 days 00:01:15.198000,66,5,,,MEDIUM,10,1
0 days 02:32:39.336000,PER,0 days 00:01:15.436000,67,5,,,MEDIUM,11,1
0 days 02:33:55.236000,PER,0 days 00:01:15.900000,68,5,,,MEDIUM,12,1
0 days 02:35:10.362000,PER,0 days 00:01:15.126000,69,5,,,MEDIUM,13,1
0 days 02:36:27.121000,PER,0 days 00:01:16.759000,70,5,,,MEDIUM,14,1
0 days 02:37:42.524000,PER,0 days 00:01:15.403000,71,5,,,MEDIUM,15,1
0 days 02:38:57.873000,PER,0 days 00:01:15.349000,72,5,,,MEDIUM,16,1
0 days 01:03:24.927000,ALO,0 days 00:01:27.995000,1,1,0 days 00:23:11.835000,,SOFT,1,1
0 days 01:04:44.020000,ALO,0 days 00:01:19.093000,2,1,,,SOFT,2,2
0 days 01:06:02.234000,ALO,0 days 00:01:18.214000,3,1,,,SOFT,3,1
0 days 01:07:20.366000,ALO,0 days 00:01:18.132000,4,1,,,SOFT,4,2
0 days 01:08:38.374000,ALO,0 days 00:01:18.008000,5,1,,,SOFT,5,1
0 days 01:09:56.529000,ALO,0 days 00:01:18.155000,6,1,,,SOFT,6,1
0 days 01:11:14.279000,ALO,0 days 00:01:17.750000,7,1,,,SOFT,7,1
0 days 01:12:32.888000,ALO,0 days 00:01:18.609000,8,1,,,SOFT,8,1
0 days 01:13:50.945000,ALO,0 days 00:01:18.057000,9,1,,,SOFT,9,1
0 days 01:15:08.455000,ALO,0 days 00:01:17.510000,10,1,,,SOFT,10,1
0 days 01:16:26.675000,ALO,0 days 00:01:18.220000,11,1,,,SOFT,11,1
0 days 01:17:47.470000,ALO,0 days 00:01:20.795000,12,1,,0 days 01:17:45.890000,SOFT,12,1
0 days 01:19:23.586000,ALO,0 days 00:01:36.116000,13,2,0 days 01:18:05.442000,,HARD,1,1
0 days 01:20:40.518000,ALO,0 days 00:01:16.932000,14,2,,,HARD,2,1
0 days 01:21:57.118000,ALO,0 days 00:01:16.600000,15,2,,,HARD,3,1
0 days 01:23:13.676000,ALO,0 days 00:01:16.558000,16,2,,,HARD,4,1
0 days 01:24:30.489000,ALO,0 days 00:01:16.813000,17,2,,,HARD,5,1
0 days 01:25:47.124000,ALO,0 days 00:01:16.635000,18,2,,,HARD,6,1
0 days 01:27:03.816000,ALO,0 days 00:01:16.692000,19,2,,,HARD,7,1
0 days 01:28:20.717000,ALO,0 days 00:01:16.901000,20,2,,,HARD,8,1
0 days 01:29:37.719000,ALO,0 days 00:01:17.002000,21,2,,,HARD,9,1
0 days 01:30:54.882000,ALO,0 days 00:01:17.163000,22,2,,,HARD,10,1
0 days 01:32:11.980000,ALO,0 days 00:01:17.098000,23,2,,,HARD,11,1
0 days 01:33:28.825000,ALO,0 days 00:01:16.845000,24,2,,,HARD,12,1
0 days 01:34:45.770000,ALO,0 days 00:01:16.945000,25,2,,,HARD,13,1
0 days 01:36:02.810000,ALO,0 days 00:01:17.040000,26,2,,,HARD,14,1
0 days 01:37:19.965000,ALO,0 days 00:01:17.155000,27,2,,,HARD,15,1
0 days 01:38:37.114000,ALO,0 days 00:01:17.149000,28,2,,,HARD,16,1
0 days 01:39:54.329000,ALO,0 days 00:01:17.215000,29,2,,,HARD,17,1
0 days 01:41:11.195000,ALO,0 days 00:01:16.866000,30,2,,,HARD,18,1
0 days 01:42:28.353000,ALO,0 days 00:01:17.158000,31,2,,,HARD,19,1
0 days 01:43:45.589000,ALO,0 days 00:01:17.236000,32,2,,,HARD,20,1
0 days 01:45:02.623000,ALO,0 days 00:01:17.034000,33,2,,,HARD,21,1
0 days 01:46:19.565000,ALO,0 days 00:01:16.942000,34,2,,,HARD,22,1
0 days 01:47:36.247000,ALO,0 days 00:01:16.682000,35,2,,,HARD,23,1
0 days 01:48:53.447000,ALO,0 days 00:01:17.200000,36,2,,,HARD,24,1
0 days 01:50:10.396000,ALO,0 days 00:01:16.949000,37,2,,,HARD,25,1
0 days 01:51:27.132000,ALO,0 days 00:01:16.736000,38,2,,,HARD,26,1
0 days 01:52:43.791000,ALO,0 days 00:01:16.659000,39,2,,,HARD,27,1
0 days 01:54:00.300000,ALO,0 days 00:01:16.509000,40,2,,,HARD,28,1
0 days 01:55:17.795000,ALO,0 days 00:01:17.495000,41,2,,,HARD,29,1
0 days 01:56:34.575000,ALO,0 days 00:01:16.780000,42,2,,,HARD,30,1
0 days 01:57:51.100000,ALO,0 days 00:01:16.525000,43,2,,,HARD,31,1
0 days 01:59:08.765000,ALO,0 days 00:01:17.665000,44,2,,,HARD,32,2
0 days 02:00:25.602000,ALO,0 days 00:01:16.837000,45,2,,,HARD,33,1
0 days 02:01:42.586000,ALO,0 days 00:01:16.984000,46,2,,,HARD,34,1
0 days 02:03:14.249000,ALO,0 days 00:01:31.663000,47,2,,0 days 02:03:12.578000,HARD,35,26
0 days 02:05:16.532000,ALO,0 days 00:02:02.283000,48,3,0 days 02:03:34.188000,,SOFT,1,6
0 days 02:06:48.153000,ALO,0 days 00:01:31.621000,49,3,,,SOFT,2,67
0 days 02:08:02.716000,ALO,0 days 00:01:14.563000,50,3,,,SOFT,3,1
0 days 02:09:16.860000,ALO,0 days 00:01:14.144000,51,3,,,SOFT,4,1
0 days 02:10:31.613000,ALO,0 days 00:01:14.753000,52,3,,,SOFT,5,1
0 days 02:11:48.438000,ALO,0 days 00:01:16.825000,53,3,,,SOFT,6,1
0 days 02:13:04.236000,ALO,0 days 00:01:15.798000,54,3,,,SOFT,7,2
0 days 02:14:20.563000,ALO,0 days 00:01:16.327000,55,3,,,SOFT,8,24
0 days 02:16:07.675000,ALO,0 days 00:01:47.112000,56,3,,,SOFT,9,4
0 days 02:17:55.176000,ALO,0 days 00:01:47.501000,57,3,,0 days 02:17:53.551000,SOFT,10,4
0 days 02:19:54.927000,ALO,0 days 00:01:59.751000,58,4,0 days 02:18:09.392000,,SOFT,11,4
0 days 02:21:56.536000,ALO,0 days 00:02:01.609000,59,4,,,SOFT,12,4
0 days 02:23:53.513000,ALO,0 days 00:01:56.977000,60,4,,,SOFT,13,4
0 days 02:25:10.132000,ALO,0 days 00:01:16.619000,61,4,,,SOFT,14,1
0 days 02:26:25.279000,ALO,0 days 00:01:15.147000,62,4,,,SOFT,15,1
0 days 02:27:40.311000,ALO,0 days 00:01:15.032000,63,4,,,SOFT,16,1
0 days 02:28:55.282000,ALO,0 days 00:01:14.971000,64,4,,,SOFT,17,1
0 days 02:30:10.435000,ALO,0 days 00:01:15.153000,65,4,,,SOFT,18,1
0 days 02:31:25.547000,ALO,0 days 00:01:15.112000,66,4,,,SOFT,19,1
0 days 02:32:41.079000,ALO,0 days 00:01:15.532000,67,4,,,SOFT,20,1
0 days 02:33:56.354000,ALO,0 days 00:01:15.275000,68,4,,,SOFT,21,1
0 days 02:35:11.397000,ALO,0 days 00:01:15.043000,69,4,,,SOFT,22,1
0 days 02:36:27.583000,ALO,0 days 00:01:16.186000,70,4,,,SOFT,23,1
0 days 02:37:42.954000,ALO,0 days 00:01:15.371000,71,4,,,SOFT,24,1
0 days 02:38:58.459000,ALO,0 days 00:01:15.505000,72,4,,,SOFT,25,1
0 days 01:03:17.280000,LEC,0 days 00:01:20.348000,1,1,0 days 00:23:39.930000,,SOFT,4,1
0 days 01:04:33.834000,LEC,0 days 00:01:16.554000,2,1,,,SOFT,5,2
0 days 01:05:50.896000,LEC,0 days 00:01:17.062000,3,1,,,SOFT,6,1
0 days 01:07:07.324000,LEC,0 days 00:01:16.428000,4,1,,,SOFT,7,2
0 days 01:08:23.657000,LEC,0 days 00:01:16.333000,5,1,,,SOFT,8,1
0 days 01:09:39.870000,LEC,0 days 00:01:16.213000,6,1,,,SOFT,9,1
0 days 01:10:56.704000,LEC,0 days 00:01:16.834000,7,1,,,SOFT,10,1
0 days 01:12:13.235000,LEC,0 days 00:01:16.531000,8,1,,,SOFT,11,1
0 days 01:13:29.893000,LEC,0 days 00:01:16.658000,9,1,,,SOFT,12,1
0 days 01:14:46.493000,LEC,0 days 00:01:16.600000,10,1,,,SOFT,13,1
0 days 01:16:03.313000,LEC,0 days 00:01:16.820000,11,1,,,SOFT,14,1
0 days 01:17:20.264000,LEC,0 days 00:01:16.951000,12,1,,,SOFT,15,1
0 days 01:18:37.077000,LEC,0 days 00:01:16.813000,13,1,,,SOFT,16,1
0 days 01:19:53.990000,LEC,0 days 00:01:16.913000,14,1,,,SOFT,17,1
0 days 01:21:11.140000,LEC,0 days 00:01:17.150000,15,1,,,SOFT,18,1
0 days 01:22:28.553000,LEC,0 days 00:01:17.413000,16,1,,,SOFT,19,1
0 days 01:23:48.717000,LEC,0 days 00:01:20.164000,17,1,,0 days 01:23:47.063000,SOFT,20,1
0 days 01:25:23.369000,LEC,0 days 00:01:34.652000,18,2,0 days 01:24:06.273000,,MEDIUM,1,1
0 days 01:26:39.687000,LEC,0 days 00:01:16.318000,19,2,,,MEDIUM,2,1
0 days 01:27:55.957000,LEC,0 days 00:01:16.270000,20,2,,,MEDIUM,3,1
0 days 01:29:12.123000,LEC,0 days 00:01:16.166000,21,2,,,MEDIUM,4,1
0 days 01:30:28.426000,LEC,0 days 00:01:16.303000,22,2,,,MEDIUM,5,1
0 days 01:31:44.503000,LEC,0 days 00:01:16.077000,23,2,,,MEDIUM,6,1
0 days 01:33:00.608000,LEC,0 days 00:01:16.105000,24,2,,,MEDIUM,7,1
0 days 01:34:16.886000,LEC,0 days 00:01:16.278000,25,2,,,MEDIUM,8,1
0 days 01:35:33.081000,LEC,0 days 00:01:16.195000,26,2,,,MEDIUM,9,1
0 days 01:36:49.604000,LEC,0 days 00:01:16.523000,27,2,,,MEDIUM,10,1
0 days 01:38:06.224000,LEC,0 days 00:01:16.620000,28,2,,,MEDIUM,11,1
0 days 01:39:23.011000,LEC,0 days 00:01:16.787000,29,2,,,MEDIUM,12,1
0 days 01:40:39.634000,LEC,0 days 00:01:16.623000,30,2,,,MEDIUM,13,1
0 days 01:41:56.166000,LEC,0 days 00:01:16.532000,31,2,,,MEDIUM,14,1
0 days 01:43:12.651000,LEC,0 days 00:01:16.485000,32,2,,,MEDIUM,15,1
0 days 01:44:29.020000,LEC,0 days 00:01:16.369000,33,2,,,MEDIUM,16,1
0 days 01:45:45.471000,LEC,0 days 00:01:16.451000,34,2,,,MEDIUM,17,1
0 days 01:47:01.911000,LEC,0 days 00:01:16.440000,35,2,,,MEDIUM,18,1
0 days 01:48:18.434000,LEC,0 days 00:01:16.523000,36,2,,,MEDIUM,19,1
0 days 01:49:35.018000,LEC,0 days 00:01:16.584000,37,2,,,MEDIUM,20,1
0 days 01:50:51.556000,LEC,0 days 00:01:16.538000,38,2,,,MEDIUM,21,1
0 days 01:52:07.892000,LEC,0 days 00:01:16.336000,39,2,,,MEDIUM,22,1
0 days 01:53:24.289000,LEC,0 days 00:01:16.397000,40,2,,,MEDIUM,23,1
0 days 01:54:40.605000,LEC,0 days 00:01:16.316000,41,2,,,MEDIUM,24,1
0 days 01:55:56.985000,LEC,0 days 00:01:16.380000,42,2,,,MEDIUM,25,1
0 days 01:57:13.359000,LEC,0 days 00:01:16.374000,43,2,,,MEDIUM,26,1
0 days 01:58:29.583000,LEC,0 days 00:01:16.224000,44,2,,,MEDIUM,27,2
0 days 01:59:50.692000,LEC,0 days 00:01:21.109000,45,2,,0 days 01:59:49.024000,MEDIUM,28,2
0 days 02:01:26.438000,LEC,0 days 00:01:35.746000,46,3,0 days 02:00:08.201000,,HARD,1,1
0 days 02:02:47.979000,LEC,0 days 00:01:21.541000,47,3,,,HARD,2,26
0 days 02:04:31.549000,LEC,0 days 00:01:43.570000,48,3,,,HARD,3,6
0 days 02:06:14.344000,LEC,0 days 00:01:42.795000,49,3,,,HARD,4,67
0 days 02:07:31.419000,LEC,0 days 00:01:17.075000,50,3,,,HARD,5,7
0 days 02:08:46.243000,LEC,0 days 00:01:14.824000,51,3,,,HARD,6,1
0 days 02:10:03.957000,LEC,0 days 00:01:17.714000,52,3,,,HARD,7,1
0 days 02:11:19.061000,LEC,0 days 00:01:15.104000,53,3,,,HARD,8,1
0 days 02:12:34.318000,LEC,0 days 00:01:15.257000,54,3,,,HARD,9,1
0 days 02:13:49.349000,LEC,0 days 00:01:15.031000,55,3,,,HARD,10,2
0 days 02:15:25.927000,LEC,0 days 00:01:36.578000,56,3,,0 days 02:15:24.298000,HARD,11,24
0 days 02:17:34.064000,LEC,0 days 00:02:08.137000,57,4,0 days 02:15:43.986000,0 days 02:17:32.417000,SOFT,4,4
0 days 02:19:47.970000,LEC,0 days 00:02:13.906000,58,5,0 days 02:17:46.553000,,SOFT,5,4
0 days 02:21:52.711000,LEC,0 days 00:02:04.741000,59,5,,,SOFT,6,4
0 days 02:23:52.079000,LEC,0 days 00:01:59.368000,60,5,,,SOFT,7,4
0 days 02:25:07.779000,LEC,0 days 00:01:15.700000,61,5,,,SOFT,8,1
0 days 02:26:22.192000,LEC,0 days 00:01:14.413000,62,5,,,SOFT,9,1
0 days 02:27:36.612000,LEC,0 days 00:01:14.420000,63,5,,,SOFT,10,1
0 days 02:28:51.209000,LEC,0 days 00:01:14.597000,64,5,,,SOFT,11,1
0 days 02:30:06.099000,LEC,0 days 00:01:14.890000,65,5,,,SOFT,12,1
0 days 02:31:20.819000,LEC,0 days 00:01:14.720000,66,5,,,SOFT,13,1
0 days 02:32:35.454000,LEC,0 days 00:01:14.635000,67,5,,,SOFT,14,1
0 days 02:33:49.909000,LEC,0 days 00:01:14.455000,68,5,,,SOFT,15,1
0 days 02:35:04.513000,LEC,0 days 00:01:14.604000,69,5,,,SOFT,16,1
0 days 02:36:19.279000,LEC,0 days 00:01:14.766000,70,5,,,SOFT,17,1
0 days 02:37:34.435000,LEC,0 days 00:01:15.156000,71,5,,,SOFT,18,1
0 days 02:38:50.634000,LEC,0 days 00:01:16.199000,72,5,,,SOFT,19,1
0 days 01:03:22.330000,STR,0 days 00:01:25.398000,1,1,0 days 00:22:24.827000,,SOFT,1,1
0 days 01:04:40.520000,STR,0 days 00:01:18.190000,2,1,,,SOFT,2,2
0 days 01:05:58.598000,STR,0 days 00:01:18.078000,3,1,,,SOFT,3,1
0 days 01:07:15.967000,STR,0 days 00:01:17.369000,4,1,,,SOFT,4,2
0 days 01:08:33.244000,STR,0 days 00:01:17.277000,5,1,,,SOFT,5,1
0 days 01:09:51.029000,STR,0 days 00:01:17.785000,6,1,,,SOFT,6,1
0 days 01:11:08.650000,STR,0 days 00:01:17.621000,7,1,,,SOFT,7,1
0 days 01:12:26.239000,STR,0 days 00:01:17.589000,8,1,,,SOFT,8,1
0 days 01:13:43.884000,STR,0 days 00:01:17.645000,9,1,,,SOFT,9,1
0 days 01:15:01.544000,STR,0 days 00:01:17.660000,10,1,,,SOFT,10,1
0 days 01:16:19.347000,STR,0 days 00:01:17.803000,11,1,,,SOFT,11,1
0 days 01:17:37.511000,STR,0 days 00:01:18.164000,12,1,,,SOFT,12,1
0 days 01:18:55.354000,STR,0 days 00:01:17.843000,13,1,,,SOFT,13,1
0 days 01:20:13.018000,STR,0 days 00:01:17.664000,14,1,,,SOFT,14,1
0 days 01:21:30.694000,STR,0 days 00:01:17.676000,15,1,,,SOFT,15,1
0 days 01:22:51.223000,STR,0 days 00:01:20.529000,16,1,,0 days 01:22:49.653000,SOFT,16,1
0 days 01:24:27.414000,STR,0 days 00:01:36.191000,17,2,0 days 01:23:09.886000,,MEDIUM,2,1
0 days 01:25:44.515000,STR,0 days 00:01:17.101000,18,2,,,MEDIUM,3,1
0 days 01:27:01.706000,STR,0 days 00:01:17.191000,19,2,,,MEDIUM,4,1
0 days 01:28:19.078000,STR,0 days 00:01:17.372000,20,2,,,MEDIUM,5,1
0 days 01:29:36.308000,STR,0 days 00:01:17.230000,21,2,,,MEDIUM,6,1
0 days 01:30:53.417000,STR,0 days 00:01:17.109000,22,2,,,MEDIUM,7,1
0 days 01:32:10.350000,STR,0 days 00:01:16.933000,23,2,,,MEDIUM,8,1
0 days 01:33:27.397000,STR,0 days 00:01:17.047000,24,2,,,MEDIUM,9,1
0 days 01:34:44.450000,STR,0 days 00:01:17.053000,25,2,,,MEDIUM,10,1
0 days 01:36:01.399000,STR,0 days 00:01:16.949000,26,2,,,MEDIUM,11,1
0 days 01:37:18.495000,STR,0 days 00:01:17.096000,27,2,,,MEDIUM,12,1
0 days 01:38:35.783000,STR,0 days 00:01:17.288000,28,2,,,MEDIUM,13,1
0 days 01:39:52.801000,STR,0 days 00:01:17.018000,29,2,,,MEDIUM,14,1
0 days 01:41:09.973000,STR,0 days 00:01:17.172000,30,2,,,MEDIUM,15,1
0 days 01:42:26.974000,STR,0 days 00:01:17.001000,31,2,,,MEDIUM,16,1
0 days 01:43:44.195000,STR,0 days 00:01:17.221000,32,2,,,MEDIUM,17,1
0 days 01:45:01.284000,STR,0 days 00:01:17.089000,33,2,,,MEDIUM,18,1
0 days 01:46:18.381000,STR,0 days 00:01:17.097000,34,2,,,MEDIUM,19,1
0 days 01:47:35.211000,STR,0 days 00:01:16.830000,35,2,,,MEDIUM,20,1
0 days 01:48:52.145000,STR,0 days 00:01:16.934000,36,2,,,MEDIUM,21,1
0 days 01:50:09.149000,STR,0 days 00:01:17.004000,37,2,,,MEDIUM,22,1
0 days 01:51:29.542000,STR,0 days 00:01:20.393000,38,2,,0 days 01:51:27.968000,MEDIUM,23,1
0 days 01:53:06.499000,STR,0 days 00:01:36.957000,39,3,0 days 01:51:48.178000,,HARD,2,1
0 days 01:54:22.372000,STR,0 days 00:01:15.873000,40,3,,,HARD,3,1
0 days 01:55:38.259000,STR,0 days 00:01:15.887000,41,3,,,HARD,4,1
0 days 01:56:54.041000,STR,0 days 00:01:15.782000,42,3,,,HARD,5,1
0 days 01:58:09.503000,STR,0 days 00:01:15.462000,43,3,,,HARD,6,2
0 days 01:59:25.922000,STR,0 days 00:01:16.419000,44,3,,,HARD,7,2
0 days 02:00:41.695000,STR,0 days 00:01:15.773000,45,3,,,HARD,8,1
0 days 02:01:57.771000,STR,0 days 00:01:16.076000,46,3,,,HARD,9,1
0 days 02:03:30.645000,STR,0 days 00:01:32.874000,47,3,,,HARD,10,26
0 days 02:05:17.826000,STR,0 days 00:01:47.181000,48,3,,,HARD,11,6
0 days 02:06:49.308000,STR,0 days 00:01:31.482000,49,3,,,HARD,12,67
0 days 02:08:05.405000,STR,0 days 00:01:16.097000,50,3,,,HARD,13,1
0 days 02:09:21.157000,STR,0 days 00:01:15.752000,51,3,,,HARD,14,1
0 days 02:10:37.094000,STR,0 days 00:01:15.937000,52,3,,,HARD,15,1
0 days 02:11:52.772000,STR,0 days 00:01:15.678000,53,3,,,HARD,16,1
0 days 02:13:08.590000,STR,0 days 00:01:15.818000,54,3,,,HARD,17,2
0 days 02:14:26.775000,STR,0 days 00:01:18.185000,55,3,,,HARD,18,24
0 days 02:16:14.286000,STR,0 days 00:01:47.511000,56,3,,0 days 02:16:12.716000,HARD,19,4
0 days 02:18:13.572000,STR,0 days 00:01:59.286000,57,4,0 days 02:16:31.842000,0 days 02:18:12.004000,SOFT,4,4
0 days 02:20:01.498000,STR,0 days 00:01:47.926000,58,5,0 days 02:18:26.141000,,SOFT,5,4
0 days 02:22:02.020000,STR,0 days 00:02:00.522000,59,5,,,SOFT,6,4
0 days 02:23:54.959000,STR,0 days 00:01:52.939000,60,5,,,SOFT,7,4
0 days 02:25:11.544000,STR,0 days 00:01:16.585000,61,5,,,SOFT,8,1
0 days 02:26:27.610000,STR,0 days 00:01:16.066000,62,5,,,SOFT,9,1
0 days 02:27:42.785000,STR,0 days 00:01:15.175000,63,5,,,SOFT,10,1
0 days 02:28:57.906000,STR,0 days 00:01:15.121000,64,5,,,SOFT,11,1
0 days 02:30:12.949000,STR,0 days 00:01:15.043000,65,5,,,SOFT,12,1
0 days 02:31:28.260000,STR,0 days 00:01:15.311000,66,5,,,SOFT,13,1
0 days 02:32:43.632000,STR,0 days 00:01:15.372000,67,5,,,SOFT,14,1
0 days 02:33:59.016000,STR,0 days 00:01:15.384000,68,5,,,SOFT,15,1
0 days 02:35:14.617000,STR,0 days 00:01:15.601000,69,5,,,SOFT,16,1
0 days 02:36:30.441000,STR,0 days 00:01:15.824000,70,5,,,SOFT,17,1
0 days 02:37:46.325000,STR,0 days 00:01:15.884000,71,5,,,SOFT,18,1
0 days 02:39:02.164000,STR,0 days 00:01:15.839000,72,5,,,SOFT,19,1
0 days 01:03:25.877000,MAG,0 days 00:01:28.945000,1,1,0 days 00:23:56.191000,,MEDIUM,1,1
0 days 01:04:51.676000,MAG,0 days 00:01:25.799000,2,1,,,MEDIUM,2,2
0 days 01:06:09.578000,MAG,0 days 00:01:17.902000,3,1,,,MEDIUM,3,1
0 days 01:07:27.524000,MAG,0 days 00:01:17.946000,4,1,,,MEDIUM,4,2
0 days 01:08:45.395000,MAG,0 days 00:01:17.871000,5,1,,,MEDIUM,5,1
0 days 01:10:03.282000,MAG,0 days 00:01:17.887000,6,1,,,MEDIUM,6,1
0 days 01:11:21.619000,MAG,0 days 00:01:18.337000,7,1,,,MEDIUM,7,1
0 days 01:12:40.709000,MAG,0 days 00:01:19.090000,8,1,,,MEDIUM,8,1
0 days 01:13:59.668000,MAG,0 days 00:01:18.959000,9,1,,,MEDIUM,9,1
0 days 01:15:18.853000,MAG,0 days 00:01:19.185000,10,1,,,MEDIUM,10,1
0 days 01:16:38.035000,MAG,0 days 00:01:19.182000,11,1,,,MEDIUM,11,1
0 days 01:17:57.013000,MAG,0 days 00:01:18.978000,12,1,,,MEDIUM,12,1
0 days 01:19:15.517000,MAG,0 days 00:01:18.504000,13,1,,,MEDIUM,13,1
0 days 01:20:36.955000,MAG,0 days 00:01:21.438000,14,1,,0 days 01:20:35.399000,MEDIUM,14,1
0 days 01:22:13.833000,MAG,0 days 00:01:36.878000,15,2,0 days 01:20:56.166000,,MEDIUM,1,1
0 days 01:23:30.932000,MAG,0 days 00:01:17.099000,16,2,,,MEDIUM,2,1
0 days 01:24:48.338000,MAG,0 days 00:01:17.406000,17,2,,,MEDIUM,3,1
0 days 01:26:05.981000,MAG,0 days 00:01:17.643000,18,2,,,MEDIUM,4,1
0 days 01:27:23.702000,MAG,0 days 00:01:17.721000,19,2,,,MEDIUM,5,1
0 days 01:28:41.442000,MAG,0 days 00:01:17.740000,20,2,,,MEDIUM,6,1
0 days 01:29:59.008000,MAG,0 days 00:01:17.566000,21,2,,,MEDIUM,7,1
0 days 01:31:17.129000,MAG,0 days 00:01:18.121000,22,2,,,MEDIUM,8,1
0 days 01:32:34.798000,MAG,0 days 00:01:17.669000,23,2,,,MEDIUM,9,1
0 days 01:33:52.669000,MAG,0 days 00:01:17.871000,24,2,,,MEDIUM,10,1
0 days 01:35:10.576000,MAG,0 days 00:01:17.907000,25,2,,,MEDIUM,11,1
0 days 01:36:28.579000,MAG,0 days 00:01:18.003000,26,2,,,MEDIUM,12,1
0 days 01:37:46.381000,MAG,0 days 00:01:17.802000,27,2,,,MEDIUM,13,1
0 days 01:39:04.207000,MAG,0 days 00:01:17.826000,28,2,,,MEDIUM,14,1
0 days 01:40:22.083000,MAG,0 days 00:01:17.876000,29,2,,,MEDIUM,15,1
0 days 01:41:39.955000,MAG,0 days 00:01:17.872000,30,2,,,MEDIUM,16,1
0 days 01:42:57.889000,MAG,0 days 00:01:17.934000,31,2,,,MEDIUM,17,1
0 days 01:44:15.821000,MAG,0 days 00:01:17.932000,32,2,,,MEDIUM,18,1
0 days 01:45:33.958000,MAG,0 days 00:01:18.137000,33,2,,,MEDIUM,19,1
0 days 01:46:55.017000,MAG,0 days 00:01:21.059000,34,2,,0 days 01:46:53.373000,MEDIUM,20,1
0 days 01:48:35.449000,MAG,0 days 00:01:40.432000,35,3,0 days 01:47:17.159000,,HARD,1,1
0 days 01:49:52.252000,MAG,0 days 00:01:16.803000,36,3,,,HARD,2,1
0 days 01:51:09.372000,MAG,0 days 00:01:17.120000,37,3,,,HARD,3,1
0 days 01:52:25.767000,MAG,0 days 00:01:16.395000,38,3,,,HARD,4,1
0 days 01:53:42.501000,MAG,0 days 00:01:16.734000,39,3,,,HARD,5,1
0 days 01:54:59.526000,MAG,0 days 00:01:17.025000,40,3,,,HARD,6,1
0 days 01:56:17.026000,MAG,0 days 00:01:17.500000,41,3,,,HARD,7,1
0 days 01:57:33.963000,MAG,0 days 00:01:16.937000,42,3,,,HARD,8,1
0 days 01:58:50.562000,MAG,0 days 00:01:16.599000,43,3,,,HARD,9,2
0 days 02:00:07.671000,MAG,0 days 00:01:17.109000,44,3,,,HARD,10,2
0 days 02:01:24.546000,MAG,0 days 00:01:16.875000,45,3,,,HARD,11,1
0 days 02:02:49.202000,MAG,0 days 00:01:24.656000,46,3,,,HARD,12,26
0 days 02:04:34.673000,MAG,0 days 00:01:45.471000,47,3,,0 days 02:04:33.016000,HARD,13,6
0 days 02:06:33.100000,MAG,0 days 00:01:58.427000,48,4,0 days 02:04:56.765000,,SOFT,4,67
0 days 02:07:48.563000,MAG,0 days 00:01:15.463000,49,4,,,SOFT,5,1
0 days 02:09:03.965000,MAG,0 days 00:01:15.402000,50,4,,,SOFT,6,1
0 days 02:10:19.429000,MAG,0 days 00:01:15.464000,51,4,,,SOFT,7,1
0 days 02:11:34.842000,MAG,0 days 00:01:15.413000,52,4,,,SOFT,8,1
0 days 02:12:50.211000,MAG,0 days 00:01:15.369000,53,4,,,SOFT,9,1
0 days 02:14:05.814000,MAG,0 days 00:01:15.603000,54,4,,,SOFT,10,2
0 days 02:15:46.523000,MAG,0 days 00:01:40.709000,55,4,,,SOFT,11,24
0 days 02:17:36.107000,MAG,0 days 00:01:49.584000,56,4,,0 days 02:17:34.460000,SOFT,12,4
0 days 02:19:49.375000,MAG,0 days 00:02:13.268000,57,5,0 days 02:17:48.827000,,SOFT,13,4
0 days 02:21:20.611000,MAG,0 days 00:01:31.236000,58,5,,,SOFT,14,4
0 days 02:22:36.720000,MAG,0 days 00:01:16.109000,59,5,,,SOFT,15,4
0 days 02:23:57.086000,MAG,0 days 00:01:20.366000,60,5,,,SOFT,16,4
0 days 02:25:14.942000,MAG,0 days 00:01:17.856000,61,5,,,SOFT,17,1
0 days 02:26:31.714000,MAG,0 days 00:01:16.772000,62,5,,,SOFT,18,1
0 days 02:27:48.064000,MAG,0 days 00:01:16.350000,63,5,,,SOFT,19,1
0 days 02:29:04.344000,MAG,0 days 00:01:16.280000,64,5,,,SOFT,20,1
0 days 02:30:20.640000,MAG,0 days 00:01:16.296000,65,5,,,SOFT,21,1
0 days 02:31:36.845000,MAG,0 days 00:01:16.205000,66,5,,,SOFT,22,1
0 days 02:32:53.520000,MAG,0 days 00:01:16.675000,67,5,,,SOFT,23,1
0 days 02:34:10.051000,MAG,0 days 00:01:16.531000,68,5,,,SOFT,24,1
0 days 02:35:26.533000,MAG,0 days 00:01:16.482000,69,5,,,SOFT,25,1
0 days 02:36:43.023000,MAG,0 days 00:01:16.490000,70,5,,,SOFT,26,1
0 days 02:37:59.749000,MAG,0 days 00:01:16.726000,71,5,,,SOFT,27,1
0 days 02:39:16.574000,MAG,0 days 00:01:16.825000,72,5,,,SOFT,28,1
0 days 01:03:24.161000,TSU,0 days 00:01:27.229000,1,1,0 days 00:23:41.178000,,SOFT,4,1
0 days 01:04:43.066000,TSU,0 days 00:01:18.905000,2,1,,,SOFT,5,2
0 days 01:06:01.233000,TSU,0 days 00:01:18.167000,3,1,,,SOFT,6,1
0 days 01:07:19.321000,TSU,0 days 00:01:18.088000,4,1,,,SOFT,7,2
0 days 01:08:37.008000,TSU,0 days 00:01:17.687000,5,1,,,SOFT,8,1
0 days 01:09:55.063000,TSU,0 days 00:01:18.055000,6,1,,,SOFT,9,1
0 days 01:11:13.305000,TSU,0 days 00:01:18.242000,7,1,,,SOFT,10,1
0 days 01:12:31.392000,TSU,0 days 00:01:18.087000,8,1,,,SOFT,11,1
0 days 01:13:49.797000,TSU,0 days 00:01:18.405000,9,1,,,SOFT,12,1
0 days 01:15:08.050000,TSU,0 days 00:01:18.253000,10,1,,,SOFT,13,1
0 days 01:16:26.421000,TSU,0 days 00:01:18.371000,11,1,,,SOFT,14,1
0 days 01:17:46.134000,TSU,0 days 00:01:19.713000,12,1,,,SOFT,15,1
0 days 01:19:07.336000,TSU,0 days 00:01:21.202000,13,1,,0 days 01:19:05.773000,SOFT,16,1
0 days 01:20:43.560000,TSU,0 days 00:01:36.224000,14,2,0 days 01:19:24.556000,,MEDIUM,2,1
0 days 01:22:00.880000,TSU,0 days 00:01:17.320000,15,2,,,MEDIUM,3,1
0 days 01:23:18.018000,TSU,0 days 00:01:17.138000,16,2,,,MEDIUM,4,1
0 days 01:24:35.354000,TSU,0 days 00:01:17.336000,17,2,,,MEDIUM,5,1
0 days 01:25:52.821000,TSU,0 days 00:01:17.467000,18,2,,,MEDIUM,6,1
0 days 01:27:10.473000,TSU,0 days 00:01:17.652000,19,2,,,MEDIUM,7,1
0 days 01:28:28.244000,TSU,0 days 00:01:17.771000,20,2,,,MEDIUM,8,1
0 days 01:29:45.726000,TSU,0 days 00:01:17.482000,21,2,,,MEDIUM,9,1
0 days 01:31:03.247000,TSU,0 days 00:01:17.521000,22,2,,,MEDIUM,10,1
0 days 01:32:20.571000,TSU,0 days 00:01:17.324000,23,2,,,MEDIUM,11,1
0 days 01:33:38.151000,TSU,0 days 00:01:17.580000,24,2,,,MEDIUM,12,1
0 days 01:34:55.563000,TSU,0 days 00:01:17.412000,25,2,,,MEDIUM,13,1
0 days 01:36:13.005000,TSU,0 days 00:01:17.442000,26,2,,,MEDIUM,14,1
0 days 01:37:30.708000,TSU,0 days 00:01:17.703000,27,2,,,MEDIUM,15,1
0 days 01:38:48.250000,TSU,0 days 00:01:17.542000,28,2,,,MEDIUM,16,1
0 days 01:40:05.732000,TSU,0 days 00:01:17.482000,29,2,,,MEDIUM,17,1
0 days 01:41:22.973000,TSU,0 days 00:01:17.241000,30,2,,,MEDIUM,18,1
0 days 01:42:40.332000,TSU,0 days 00:01:17.359000,31,2,,,MEDIUM,19,1
0 days 01:43:57.825000,TSU,0 days 00:01:17.493000,32,2,,,MEDIUM,20,1
0 days 01:45:15.351000,TSU,0 days 00:01:17.526000,33,2,,,MEDIUM,21,1
0 days 01:46:32.974000,TSU,0 days 00:01:17.623000,34,2,,,MEDIUM,22,1
0 days 01:47:50.735000,TSU,0 days 00:01:17.761000,35,2,,,MEDIUM,23,1
0 days 01:49:08.513000,TSU,0 days 00:01:17.778000,36,2,,,MEDIUM,24,1
0 days 01:50:26.234000,TSU,0 days 00:01:17.721000,37,2,,,MEDIUM,25,1
0 days 01:51:44.052000,TSU,0 days 00:01:17.818000,38,2,,,MEDIUM,26,1
0 days 01:53:01.414000,TSU,0 days 00:01:17.362000,39,2,,,MEDIUM,27,1
0 days 01:54:18.876000,TSU,0 days 00:01:17.462000,40,2,,,MEDIUM,28,1
0 days 01:55:36.152000,TSU,0 days 00:01:17.276000,41,2,,,MEDIUM,29,1
0 days 01:56:56.360000,TSU,0 days 00:01:20.208000,42,2,,0 days 01:56:54.657000,MEDIUM,30,1
0 days 02:00:24.706000,TSU,0 days 00:03:28.346000,43,3,0 days 01:57:14.028000,0 days 02:00:23.007000,HARD,2,2
0 days 01:03:25.990000,ALB,0 days 00:01:29.058000,1,1,0 days 00:24:07.335000,,MEDIUM,1,1
0 days 01:04:45.355000,ALB,0 days 00:01:19.365000,2,1,,,MEDIUM,2,2
0 days 01:06:03.593000,ALB,0 days 00:01:18.238000,3,1,,,MEDIUM,3,1
0 days 01:07:21.807000,ALB,0 days 00:01:18.214000,4,1,,,MEDIUM,4,2
0 days 01:08:39.891000,ALB,0 days 00:01:18.084000,5,1,,,MEDIUM,5,1
0 days 01:09:58.121000,ALB,0 days 00:01:18.230000,6,1,,,MEDIUM,6,1
0 days 01:11:16.400000,ALB,0 days 00:01:18.279000,7,1,,,MEDIUM,7,1
0 days 01:12:34.975000,ALB,0 days 00:01:18.575000,8,1,,,MEDIUM,8,1
0 days 01:13:53.385000,ALB,0 days 00:01:18.410000,9,1,,,MEDIUM,9,1
0 days 01:15:11.970000,ALB,0 days 00:01:18.585000,10,1,,,MEDIUM,10,1
0 days 01:16:30.993000,ALB,0 days 00:01:19.023000,11,1,,,MEDIUM,11,1
0 days 01:17:49.842000,ALB,0 days 00:01:18.849000,12,1,,,MEDIUM,12,1
0 days 01:19:07.937000,ALB,0 days 00:01:18.095000,13,1,,,MEDIUM,13,1
0 days 01:20:25.915000,ALB,0 days 00:01:17.978000,14,1,,,MEDIUM,14,1
0 days 01:21:44.147000,ALB,0 days 00:01:18.232000,15,1,,,MEDIUM,15,1
0 days 01:23:02.256000,ALB,0 days 00:01:18.109000,16,1,,,MEDIUM,16,1
0 days 01:24:20.466000,ALB,0 days 00:01:18.210000,17,1,,,MEDIUM,17,1
0 days 01:25:38.660000,ALB,0 days 00:01:18.194000,18,1,,,MEDIUM,18,1
0 days 01:26:56.653000,ALB,0 days 00:01:17.993000,19,1,,,MEDIUM,19,1
0 days 01:28:15.961000,ALB,0 days 00:01:19.308000,20,1,,,MEDIUM,20,1
0 days 01:29:37.252000,ALB,0 days 00:01:21.291000,21,1,,0 days 01:29:35.659000,MEDIUM,21,1
0 days 01:31:13.161000,ALB,0 days 00:01:35.909000,22,2,0 days 01:29:55.004000,,MEDIUM,1,1
0 days 01:32:30.588000,ALB,0 days 00:01:17.427000,23,2,,,MEDIUM,2,1
0 days 01:33:47.903000,ALB,0 days 00:01:17.315000,24,2,,,MEDIUM,3,1
0 days 01:35:05.357000,ALB,0 days 00:01:17.454000,25,2,,,MEDIUM,4,1
0 days 01:36:22.795000,ALB,0 days 00:01:17.438000,26,2,,,MEDIUM,5,1
0 days 01:37:40.439000,ALB,0 days 00:01:17.644000,27,2,,,MEDIUM,6,1
0 days 01:38:57.972000,ALB,0 days 00:01:17.533000,28,2,,,MEDIUM,7,1
0 days 01:40:15.428000,ALB,0 days 00:01:17.456000,29,2,,,MEDIUM,8,1
0 days 01:41:32.796000,ALB,0 days 00:01:17.368000,30,2,,,MEDIUM,9,1
0 days 01:42:50.836000,ALB,0 days 00:01:18.040000,31,2,,,MEDIUM,10,1
0 days 01:44:08.704000,ALB,0 days 00:01:17.868000,32,2,,,MEDIUM,11,1
0 days 01:45:26.397000,ALB,0 days 00:01:17.693000,33,2,,,MEDIUM,12,1
0 days 01:46:43.848000,ALB,0 days 00:01:17.451000,34,2,,,MEDIUM,13,1
0 days 01:48:01.026000,ALB,0 days 00:01:17.178000,35,2,,,MEDIUM,14,1
0 days 01:49:18.298000,ALB,0 days 00:01:17.272000,36,2,,,MEDIUM,15,1
0 days 01:50:35.523000,ALB,0 days 00:01:17.225000,37,2,,,MEDIUM,16,1
0 days 01:51:52.680000,ALB,0 days 00:01:17.157000,38,2,,,MEDIUM,17,1
0 days 01:53:09.915000,ALB,0 days 00:01:17.235000,39,2,,,MEDIUM,18,1
0 days 01:54:27.102000,ALB,0 days 00:01:17.187000,40,2,,,MEDIUM,19,1
0 days 01:55:44.163000,ALB,0 days 00:01:17.061000,41,2,,,MEDIUM,20,1
0 days 01:57:04.454000,ALB,0 days 00:01:20.291000,42,2,,0 days 01:57:02.933000,MEDIUM,21,1
0 days 01:58:40.731000,ALB,0 days 00:01:36.277000,43,3,0 days 01:57:22.799000,,HARD,1,2
0 days 01:59:57.323000,ALB,0 days 00:01:16.592000,44,3,,,HARD,2,2
0 days 02:01:13.641000,ALB,0 days 00:01:16.318000,45,3,,,HARD,3,1
0 days 02:02:29.910000,ALB,0 days 00:01:16.269000,46,3,,,HARD,4,26
0 days 02:04:15.723000,ALB,0 days 00:01:45.813000,47,3,,,HARD,5,6
0 days 02:05:59.118000,ALB,0 days 00:01:43.395000,48,3,,,HARD,6,6
0 days 02:07:20.184000,ALB,0 days 00:01:21.066000,49,3,,,HARD,7,67
0 days 02:08:36.293000,ALB,0 days 00:01:16.109000,50,3,,,HARD,8,1
0 days 02:09:53.593000,ALB,0 days 00:01:17.300000,51,3,,,HARD,9,1
0 days 02:11:11.254000,ALB,0 days 00:01:17.661000,52,3,,,HARD,10,1
0 days 02:12:27.022000,ALB,0 days 00:01:15.768000,53,3,,,HARD,11,1
0 days 02:13:42.806000,ALB,0 days 00:01:15.784000,54,3,,,HARD,12,2
0 days 02:15:16.238000,ALB,0 days 00:01:33.432000,55,3,,0 days 02:15:14.670000,HARD,13,24
0 days 02:17:25.764000,ALB,0 days 00:02:09.526000,56,4,0 days 02:15:35.154000,0 days 02:17:24.161000,SOFT,1,4
0 days 02:19:43.102000,ALB,0 days 00:02:17.338000,57,5,0 days 02:17:38.280000,,SOFT,2,4
0 days 02:21:15.127000,ALB,0 days 00:01:32.025000,58,5,,,SOFT,3,4
0 days 02:22:32.676000,ALB,0 days 00:01:17.549000,59,5,,,SOFT,4,4
0 days 02:23:55.924000,ALB,0 days 00:01:23.248000,60,5,,,SOFT,5,4
0 days 02:25:12.698000,ALB,0 days 00:01:16.774000,61,5,,,SOFT,6,1
0 days 02:26:29.232000,ALB,0 days 00:01:16.534000,62,5,,,SOFT,7,1
0 days 02:27:45.043000,ALB,0 days 00:01:15.811000,63,5,,,SOFT,8,1
0 days 02:29:00.745000,ALB,0 days 00:01:15.702000,64,5,,,SOFT,9,1
0 days 02:30:16.279000,ALB,0 days 00:01:15.534000,65,5,,,SOFT,10,1
0 days 02:31:31.891000,ALB,0 days 00:01:15.612000,66,5,,,SOFT,11,1
0 days 02:32:47.694000,ALB,0 days 00:01:15.803000,67,5,,,SOFT,12,1
0 days 02:34:03.760000,ALB,0 days 00:01:16.066000,68,5,,,SOFT,13,1
0 days 02:35:19.898000,ALB,0 days 00:01:16.138000,69,5,,,SOFT,14,1
0 days 02:36:36.042000,ALB,0 days 00:01:16.144000,70,5,,,SOFT,15,1
0 days 02:37:52.862000,ALB,0 days 00:01:16.820000,71,5,,,SOFT,16,1
0 days 02:39:10.095000,ALB,0 days 00:01:17.233000,72,5,,,SOFT,17,1
0 days 01:03:25.388000,ZHO,0 days 00:01:28.456000,1,1,0 days 00:23:05.587000,,SOFT,1,1
0 days 01:04:44.611000,ZHO,0 days 00:01:19.223000,2,1,,,SOFT,2,2
0 days 01:06:02.839000,ZHO,0 days 00:01:18.228000,3,1,,,SOFT,3,1
0 days 01:07:20.919000,ZHO,0 days 00:01:18.080000,4,1,,,SOFT,4,2
0 days 01:08:39.070000,ZHO,0 days 00:01:18.151000,5,1,,,SOFT,5,1
0 days 01:09:57.081000,ZHO,0 days 00:01:18.011000,6,1,,,SOFT,6,1
0 days 01:11:15.148000,ZHO,0 days 00:01:18.067000,7,1,,,SOFT,7,1
0 days 01:12:33.506000,ZHO,0 days 00:01:18.358000,8,1,,,SOFT,8,1
0 days 01:13:51.650000,ZHO,0 days 00:01:18.144000,9,1,,,SOFT,9,1
0 days 01:15:10.556000,ZHO,0 days 00:01:18.906000,10,1,,,SOFT,10,1
0 days 01:16:30.105000,ZHO,0 days 00:01:19.549000,11,1,,,SOFT,11,1
0 days 01:17:51.424000,ZHO,0 days 00:01:21.319000,12,1,,0 days 01:17:49.671000,SOFT,12,1
0 days 01:19:27.696000,ZHO,0 days 00:01:36.272000,13,2,0 days 01:18:09.340000,,SOFT,4,1
0 days 01:20:44.637000,ZHO,0 days 00:01:16.941000,14,2,,,SOFT,5,1
0 days 01:22:02.190000,ZHO,0 days 00:01:17.553000,15,2,,,SOFT,6,1
0 days 01:23:19.376000,ZHO,0 days 00:01:17.186000,16,2,,,SOFT,7,1
0 days 01:24:36.538000,ZHO,0 days 00:01:17.162000,17,2,,,SOFT,8,1
0 days 01:25:54.143000,ZHO,0 days 00:01:17.605000,18,2,,,SOFT,9,1
0 days 01:27:11.668000,ZHO,0 days 00:01:17.525000,19,2,,,SOFT,10,1
0 days 01:28:29.516000,ZHO,0 days 00:01:17.848000,20,2,,,SOFT,11,1
0 days 01:29:47.216000,ZHO,0 days 00:01:17.700000,21,2,,,SOFT,12,1
0 days 01:31:05.086000,ZHO,0 days 00:01:17.870000,22,2,,,SOFT,13,1
0 days 01:32:22.997000,ZHO,0 days 00:01:17.911000,23,2,,,SOFT,14,1
0 days 01:33:40.654000,ZHO,0 days 00:01:17.657000,24,2,,,SOFT,15,1
0 days 01:34:58.299000,ZHO,0 days 00:01:17.645000,25,2,,,SOFT,16,1
0 days 01:36:15.944000,ZHO,0 days 00:01:17.645000,26,2,,,SOFT,17,1
0 days 01:37:33.729000,ZHO,0 days 00:01:17.785000,27,2,,,SOFT,18,1
0 days 01:38:51.230000,ZHO,0 days 00:01:17.501000,28,2,,,SOFT,19,1
0 days 01:40:09.347000,ZHO,0 days 00:01:18.117000,29,2,,,SOFT,20,1
0 days 01:41:26.808000,ZHO,0 days 00:01:17.461000,30,2,,,SOFT,21,1
0 days 01:42:44.972000,ZHO,0 days 00:01:18.164000,31,2,,,SOFT,22,1
0 days 01:44:02.743000,ZHO,0 days 00:01:17.771000,32,2,,,SOFT,23,1
0 days 01:45:20.014000,ZHO,0 days 00:01:17.271000,33,2,,,SOFT,24,1
0 days 01:46:37.531000,ZHO,0 days 00:01:17.517000,34,2,,,SOFT,25,1
0 days 01:47:54.955000,ZHO,0 days 00:01:17.424000,35,2,,,SOFT,26,1
0 days 01:49:13.079000,ZHO,0 days 00:01:18.124000,36,2,,,SOFT,27,1
0 days 01:50:35.069000,ZHO,0 days 00:01:21.990000,37,2,,0 days 01:50:33.407000,SOFT,28,1
0 days 01:52:18.335000,ZHO,0 days 00:01:43.266000,38,3,0 days 01:50:58.829000,,MEDIUM,1,1
0 days 01:53:36.735000,ZHO,0 days 00:01:18.400000,39,3,,,MEDIUM,2,1
0 days 01:54:53.446000,ZHO,0 days 00:01:16.711000,40,3,,,MEDIUM,3,1
0 days 01:56:10.059000,ZHO,0 days 00:01:16.613000,41,3,,,MEDIUM,4,1
0 days 01:57:26.931000,ZHO,0 days 00:01:16.872000,42,3,,,MEDIUM,5,1
0 days 01:58:44.145000,ZHO,0 days 00:01:17.214000,43,3,,,MEDIUM,6,2
0 days 02:00:01.162000,ZHO,0 days 00:01:17.017000,44,3,,,MEDIUM,7,2
0 days 02:01:17.879000,ZHO,0 days 00:01:16.717000,45,3,,,MEDIUM,8,1
0 days 02:02:39.450000,ZHO,0 days 00:01:21.571000,46,3,,,MEDIUM,9,26
0 days 02:04:22.481000,ZHO,0 days 00:01:43.031000,47,3,,,MEDIUM,10,6
0 days 02:06:05.151000,ZHO,0 days 00:01:42.670000,48,3,,,MEDIUM,11,67
0 days 02:07:28.334000,ZHO,0 days 00:01:23.183000,49,3,,,MEDIUM,12,7
0 days 02:08:46.292000,ZHO,0 days 00:01:17.958000,50,3,,,MEDIUM,13,1
0 days 02:10:05.303000,ZHO,0 days 00:01:19.011000,51,3,,,MEDIUM,14,1
0 days 02:11:21.826000,ZHO,0 days 00:01:16.523000,52,3,,,MEDIUM,15,1
0 days 02:12:39.965000,ZHO,0 days 00:01:18.139000,53,3,,,MEDIUM,16,1
0 days 02:13:56.918000,ZHO,0 days 00:01:16.953000,54,3,,,MEDIUM,17,2
0 days 02:15:36.302000,ZHO,0 days 00:01:39.384000,55,3,,0 days 02:15:34.691000,MEDIUM,18,24
0 days 02:17:42.670000,ZHO,0 days 00:02:06.368000,56,4,0 days 02:15:54.894000,0 days 02:17:41.096000,SOFT,4,4
0 days 02:19:51.439000,ZHO,0 days 00:02:08.769000,57,5,0 days 02:17:55.253000,,SOFT,5,4
0 days 02:21:25.573000,ZHO,0 days 00:01:34.134000,58,5,,,SOFT,6,4
0 days 02:22:43.058000,ZHO,0 days 00:01:17.485000,59,5,,,SOFT,7,4
0 days 02:23:59.699000,ZHO,0 days 00:01:16.641000,60,5,,,SOFT,8,4
0 days 02:25:16.296000,ZHO,0 days 00:01:16.597000,61,5,,,SOFT,9,1
0 days 02:26:32.427000,ZHO,0 days 00:01:16.131000,62,5,,,SOFT,10,1
0 days 02:27:48.367000,ZHO,0 days 00:01:15.940000,63,5,,,SOFT,11,1
0 days 02:29:04.897000,ZHO,0 days 00:01:16.530000,64,5,,,SOFT,12,1
0 days 02:30:21.151000,ZHO,0 days 00:01:16.254000,65,5,,,SOFT,13,1
0 days 02:31:37.161000,ZHO,0 days 00:01:16.010000,66,5,,,SOFT,14,1
0 days 02:32:53.950000,ZHO,0 days 00:01:16.789000,67,5,,,SOFT,15,1
0 days 02:34:10.357000,ZHO,0 days 00:01:16.407000,68,5,,,SOFT,16,1
0 days 02:35:27.068000,ZHO,0 days 00:01:16.711000,69,5,,,SOFT,17,1
0 days 02:36:43.321000,ZHO,0 days 00:01:16.253000,70,5,,,SOFT,18,1
0 days 02:38:00.150000,ZHO,0 days 00:01:16.829000,71,5,,,SOFT,19,1
0 days 02:39:17.025000,ZHO,0 days 00:01:16.875000,72,5,,,SOFT,20,1
0 days 01:03:26.667000,RIC,0 days 00:01:29.735000,1,1,0 days 00:23:09.410000,,SOFT,1,1
0 days 01:04:45.921000,RIC,0 days 00:01:19.254000,2,1,,,SOFT,2,2
0 days 01:06:04.351000,RIC,0 days 00:01:18.430000,3,1,,,SOFT,3,1
0 days 01:07:22.637000,RIC,0 days 00:01:18.286000,4,1,,,SOFT,4,2
0 days 01:08:40.711000,RIC,0 days 00:01:18.074000,5,1,,,SOFT,5,1
0 days 01:09:59.067000,RIC,0 days 00:01:18.356000,6,1,,,SOFT,6,1
0 days 01:11:17.161000,RIC,0 days 00:01:18.094000,7,1,,,SOFT,7,1
0 days 01:12:35.556000,RIC,0 days 00:01:18.395000,8,1,,,SOFT,8,1
0 days 01:13:54.203000,RIC,0 days 00:01:18.647000,9,1,,,SOFT,9,1
0 days 01:15:12.694000,RIC,0 days 00:01:18.491000,10,1,,,SOFT,10,1
0 days 01:16:35.322000,RIC,0 days 00:01:22.628000,11,1,,0 days 01:16:33.692000,SOFT,11,1
0 days 01:18:12.781000,RIC,0 days 00:01:37.459000,12,2,0 days 01:16:53.329000,,MEDIUM,1,1
0 days 01:19:30.860000,RIC,0 days 00:01:18.079000,13,2,,,MEDIUM,2,1
0 days 01:20:48.899000,RIC,0 days 00:01:18.039000,14,2,,,MEDIUM,3,1
0 days 01:22:07.307000,RIC,0 days 00:01:18.408000,15,2,,,MEDIUM,4,1
0 days 01:23:25.485000,RIC,0 days 00:01:18.178000,16,2,,,MEDIUM,5,1
0 days 01:24:44.688000,RIC,0 days 00:01:19.203000,17,2,,,MEDIUM,6,1
0 days 01:26:03.482000,RIC,0 days 00:01:18.794000,18,2,,,MEDIUM,7,1
0 days 01:27:21.643000,RIC,0 days 00:01:18.161000,19,2,,,MEDIUM,8,1
0 days 01:28:39.652000,RIC,0 days 00:01:18.009000,20,2,,,MEDIUM,9,1
0 days 01:29:57.502000,RIC,0 days 00:01:17.850000,21,2,,,MEDIUM,10,1
0 days 01:31:15.789000,RIC,0 days 00:01:18.287000,22,2,,,MEDIUM,11,1
0 days 01:32:33.894000,RIC,0 days 00:01:18.105000,23,2,,,MEDIUM,12,1
0 days 01:33:51.805000,RIC,0 days 00:01:17.911000,24,2,,,MEDIUM,13,1
0 days 01:35:09.769000,RIC,0 days 00:01:17.964000,25,2,,,MEDIUM,14,1
0 days 01:36:28.045000,RIC,0 days 00:01:18.276000,26,2,,,MEDIUM,15,1
0 days 01:37:48.897000,RIC,0 days 00:01:20.852000,27,2,,0 days 01:37:47.252000,MEDIUM,16,1
0 days 01:39:27.214000,RIC,0 days 00:01:38.317000,28,3,0 days 01:38:06.809000,,HARD,1,1
0 days 01:40:44.305000,RIC,0 days 00:01:17.091000,29,3,,,HARD,2,1
0 days 01:42:01.184000,RIC,0 days 00:01:16.879000,30,3,,,HARD,3,1
0 days 01:43:18.217000,RIC,0 days 00:01:17.033000,31,3,,,HARD,4,1
0 days 01:44:34.984000,RIC,0 days 00:01:16.767000,32,3,,,HARD,5,1
0 days 01:45:51.712000,RIC,0 days 00:01:16.728000,33,3,,,HARD,6,1
0 days 01:47:13.025000,RIC,0 days 00:01:21.313000,34,3,,,HARD,7,1
0 days 01:48:31.068000,RIC,0 days 00:01:18.043000,35,3,,,HARD,8,1
0 days 01:49:49.996000,RIC,0 days 00:01:18.928000,36,3,,,HARD,9,1
0 days 01:51:07.487000,RIC,0 days 00:01:17.491000,37,3,,,HARD,10,1
0 days 01:52:24.525000,RIC,0 days 00:01:17.038000,38,3,,,HARD,11,1
0 days 01:53:41.307000,RIC,0 days 00:01:16.782000,39,3,,,HARD,12,1
0 days 01:54:59.333000,RIC,0 days 00:01:18.026000,40,3,,,HARD,13,1
0 days 01:56:18.457000,RIC,0 days 00:01:19.124000,41,3,,,HARD,14,1
0 days 01:57:35.945000,RIC,0 days 00:01:17.488000,42,3,,,HARD,15,1
0 days 01:58:53.291000,RIC,0 days 00:01:17.346000,43,3,,,HARD,16,2
0 days 02:00:10.468000,RIC,0 days 00:01:17.177000,44,3,,,HARD,17,2
0 days 02:01:28.388000,RIC,0 days 00:01:17.920000,45,3,,,HARD,18,1
0 days 02:02:52.667000,RIC,0 days 00:01:24.279000,46,3,,,HARD,19,26
0 days 02:04:40.184000,RIC,0 days 00:01:47.517000,47,3,,0 days 02:04:38.546000,HARD,20,6
0 days 02:06:33.739000,RIC,0 days 00:01:53.555000,48,4,0 days 02:04:58.354000,,SOFT,1,67
0 days 02:07:49.853000,RIC,0 days 00:01:16.114000,49,4,,,SOFT,2,1
0 days 02:09:05.520000,RIC,0 days 00:01:15.667000,50,4,,,SOFT,3,1
0 days 02:10:21.291000,RIC,0 days 00:01:15.771000,51,4,,,SOFT,4,1
0 days 02:11:36.868000,RIC,0 days 00:01:15.577000,52,4,,,SOFT,5,1
0 days 02:12:52.526000,RIC,0 days 00:01:15.658000,53,4,,,SOFT,6,1
0 days 02:14:08.610000,RIC,0 days 00:01:16.084000,54,4,,,SOFT,7,2
0 days 02:15:53.729000,RIC,0 days 00:01:45.119000,55,4,,0 days 02:15:52.091000,SOFT,8,24
0 days 02:18:02.513000,RIC,0 days 00:02:08.784000,56,5,0 days 02:16:12.485000,0 days 02:18:00.776000,SOFT,1,4
0 days 02:19:59.435000,RIC,0 days 00:01:56.922000,57,6,0 days 02:18:15.244000,,SOFT,2,4
0 days 02:21:29.909000,RIC,0 days 00:01:30.474000,58,6,,,SOFT,3,4
0 days 02:22:46.784000,RIC,0 days 00:01:16.875000,59,6,,,SOFT,4,4
0 days 02:24:02.436000,RIC,0 days 00:01:15.652000,60,6,,,SOFT,5,4
0 days 02:25:18.695000,RIC,0 days 00:01:16.259000,61,6,,,SOFT,6,1
0 days 02:26:34.554000,RIC,0 days 00:01:15.859000,62,6,,,SOFT,7,1
0 days 02:27:50.288000,RIC,0 days 00:01:15.734000,63,6,,,SOFT,8,1
0 days 02:29:06.532000,RIC,0 days 00:01:16.244000,64,6,,,SOFT,9,1
0 days 02:30:22.484000,RIC,0 days 00:01:15.952000,65,6,,,SOFT,10,1
0 days 02:31:38.435000,RIC,0 days 00:01:15.951000,66,6,,,SOFT,11,1
0 days 02:32:54.733000,RIC,0 days 00:01:16.298000,67,6,,,SOFT,12,1
0 days 02:34:11.396000,RIC,0 days 00:01:16.663000,68,6,,,SOFT,13,1
0 days 02:35:27.968000,RIC,0 days 00:01:16.572000,69,6,,,SOFT,14,1
0 days 02:36:44.382000,RIC,0 days 00:01:16.414000,70,6,,,SOFT,15,1
0 days 02:38:01.149000,RIC,0 days 00:01:16.767000,71,6,,,SOFT,16,1
0 days 02:39:17.469000,RIC,0 days 00:01:16.320000,72,6,,,SOFT,17,1
0 days 01:03:22.821000,OCO,0 days 00:01:25.889000,1,1,0 days 00:23:24.686000,,SOFT,1,1
0 days 01:04:41.062000,OCO,0 days 00:01:18.241000,2,1,,,SOFT,2,2
0 days 01:05:59.011000,OCO,0 days 00:01:17.949000,3,1,,,SOFT,3,1
0 days 01:07:16.703000,OCO,0 days 00:01:17.692000,4,1,,,SOFT,4,2
0 days 01:08:34.412000,OCO,0 days 00:01:17.709000,5,1,,,SOFT,5,1
0 days 01:09:52.402000,OCO,0 days 00:01:17.990000,6,1,,,SOFT,6,1
0 days 01:11:10.157000,OCO,0 days 00:01:17.755000,7,1,,,SOFT,7,1
0 days 01:12:27.968000,OCO,0 days 00:01:17.811000,8,1,,,SOFT,8,1
0 days 01:13:45.962000,OCO,0 days 00:01:17.994000,9,1,,,SOFT,9,1
0 days 01:15:04.006000,OCO,0 days 00:01:18.044000,10,1,,,SOFT,10,1
0 days 01:16:22.250000,OCO,0 days 00:01:18.244000,11,1,,,SOFT,11,1
0 days 01:17:40.566000,OCO,0 days 00:01:18.316000,12,1,,,SOFT,12,1
0 days 01:18:58.661000,OCO,0 days 00:01:18.095000,13,1,,,SOFT,13,1
0 days 01:20:16.749000,OCO,0 days 00:01:18.088000,14,1,,,SOFT,14,1
0 days 01:21:34.620000,OCO,0 days 00:01:17.871000,15,1,,,SOFT,15,1
0 days 01:22:52.762000,OCO,0 days 00:01:18.142000,16,1,,,SOFT,16,1
0 days 01:24:10.774000,OCO,0 days 00:01:18.012000,17,1,,,SOFT,17,1
0 days 01:25:31.805000,OCO,0 days 00:01:21.031000,18,1,,0 days 01:25:30.155000,SOFT,18,1
0 days 01:27:08.493000,OCO,0 days 00:01:36.688000,19,2,0 days 01:25:49.798000,,HARD,1,1
0 days 01:28:25.954000,OCO,0 days 00:01:17.461000,20,2,,,HARD,2,1
0 days 01:29:42.869000,OCO,0 days 00:01:16.915000,21,2,,,HARD,3,1
0 days 01:30:59.846000,OCO,0 days 00:01:16.977000,22,2,,,HARD,4,1
0 days 01:32:16.825000,OCO,0 days 00:01:16.979000,23,2,,,HARD,5,1
0 days 01:33:33.745000,OCO,0 days 00:01:16.920000,24,2,,,HARD,6,1
0 days 01:34:50.644000,OCO,0 days 00:01:16.899000,25,2,,,HARD,7,1
0 days 01:36:07.317000,OCO,0 days 00:01:16.673000,26,2,,,HARD,8,1
0 days 01:37:24.122000,OCO,0 days 00:01:16.805000,27,2,,,HARD,9,1
0 days 01:38:40.985000,OCO,0 days 00:01:16.863000,28,2,,,HARD,10,1
0 days 01:39:57.810000,OCO,0 days 00:01:16.825000,29,2,,,HARD,11,1
0 days 01:41:14.750000,OCO,0 days 00:01:16.940000,30,2,,,HARD,12,1
0 days 01:42:32.068000,OCO,0 days 00:01:17.318000,31,2,,,HARD,13,1
0 days 01:43:49.366000,OCO,0 days 00:01:17.298000,32,2,,,HARD,14,1
0 days 01:45:06.628000,OCO,0 days 00:01:17.262000,33,2,,,HARD,15,1
0 days 01:46:23.567000,OCO,0 days 00:01:16.939000,34,2,,,HARD,16,1
0 days 01:47:40.391000,OCO,0 days 00:01:16.824000,35,2,,,HARD,17,1
0 days 01:48:57.367000,OCO,0 days 00:01:16.976000,36,2,,,HARD,18,1
0 days 01:50:14.127000,OCO,0 days 00:01:16.760000,37,2,,,HARD,19,1
0 days 01:51:31.188000,OCO,0 days 00:01:17.061000,38,2,,,HARD,20,1
0 days 01:52:48.168000,OCO,0 days 00:01:16.980000,39,2,,,HARD,21,1
0 days 01:54:05.438000,OCO,0 days 00:01:17.270000,40,2,,,HARD,22,1
0 days 01:55:22.335000,OCO,0 days 00:01:16.897000,41,2,,,HARD,23,1
0 days 01:56:39.136000,OCO,0 days 00:01:16.801000,42,2,,,HARD,24,1
0 days 01:57:55.744000,OCO,0 days 00:01:16.608000,43,2,,,HARD,25,1
0 days 01:59:13.403000,OCO,0 days 00:01:17.659000,44,2,,,HARD,26,2
0 days 02:00:30.163000,OCO,0 days 00:01:16.760000,45,2,,,HARD,27,1
0 days 02:01:46.821000,OCO,0 days 00:01:16.658000,46,2,,,HARD,28,1
0 days 02:03:17.683000,OCO,0 days 00:01:30.862000,47,2,,,HARD,29,26
0 days 02:05:02.875000,OCO,0 days 00:01:45.192000,48,2,,,HARD,30,6
0 days 02:06:37.543000,OCO,0 days 00:01:34.668000,49,2,,,HARD,31,67
0 days 02:07:54.739000,OCO,0 days 00:01:17.196000,50,2,,,HARD,32,1
0 days 02:09:11.486000,OCO,0 days 00:01:16.747000,51,2,,,HARD,33,1
0 days 02:10:28.019000,OCO,0 days 00:01:16.533000,52,2,,,HARD,34,1
0 days 02:11:44.494000,OCO,0 days 00:01:16.475000,53,2,,,HARD,35,1
0 days 02:13:01.057000,OCO,0 days 00:01:16.563000,54,2,,,HARD,36,1
0 days 02:14:19.815000,OCO,0 days 00:01:18.758000,55,2,,,HARD,37,24
0 days 02:16:08.587000,OCO,0 days 00:01:48.772000,56,2,,0 days 02:16:06.956000,HARD,38,4
0 days 02:18:12.237000,OCO,0 days 00:02:03.650000,57,3,0 days 02:16:28.619000,0 days 02:18:10.643000,SOFT,4,4
0 days 02:20:00.542000,OCO,0 days 00:01:48.305000,58,4,0 days 02:18:24.750000,,SOFT,5,4
0 days 02:22:00.377000,OCO,0 days 00:01:59.835000,59,4,,,SOFT,6,4
0 days 02:23:54.476000,OCO,0 days 00:01:54.099000,60,4,,,SOFT,7,4
0 days 02:25:11.104000,OCO,0 days 00:01:16.628000,61,4,,,SOFT,8,1
0 days 02:26:26.809000,OCO,0 days 00:01:15.705000,62,4,,,SOFT,9,1
0 days 02:27:41.989000,OCO,0 days 00:01:15.180000,63,4,,,SOFT,10,1
0 days 02:28:57.073000,OCO,0 days 00:01:15.084000,64,4,,,SOFT,11,1
0 days 02:30:12.299000,OCO,0 days 00:01:15.226000,65,4,,,SOFT,12,1
0 days 02:31:27.547000,OCO,0 days 00:01:15.248000,66,4,,,SOFT,13,1
0 days 02:32:42.925000,OCO,0 days 00:01:15.378000,67,4,,,SOFT,14,1
0 days 02:33:58.391000,OCO,0 days 00:01:15.466000,68,4,,,SOFT,15,1
0 days 02:35:13.905000,OCO,0 days 00:01:15.514000,69,4,,,SOFT,16,1
0 days 02:36:29.873000,OCO,0 days 00:01:15.968000,70,4,,,SOFT,17,1
0 days 02:37:45.268000,OCO,0 days 00:01:15.395000,71,4,,,SOFT,18,1
0 days 02:39:00.822000,OCO,0 days 00:01:15.554000,72,4,,,SOFT,19,1
0 days 01:03:21.404000,NOR,0 days 00:01:24.472000,1,1,0 days 00:24:27.884000,,MEDIUM,1,1
0 days 01:04:39.328000,NOR,0 days 00:01:17.924000,2,1,,,MEDIUM,2,2
0 days 01:05:56.797000,NOR,0 days 00:01:17.469000,3,1,,,MEDIUM,3,1
0 days 01:07:15.350000,NOR,0 days 00:01:18.553000,4,1,,,MEDIUM,4,2
0 days 01:08:32.639000,NOR,0 days 00:01:17.289000,5,1,,,MEDIUM,5,1
0 days 01:09:49.809000,NOR,0 days 00:01:17.170000,6,1,,,MEDIUM,6,1
0 days 01:11:07.326000,NOR,0 days 00:01:17.517000,7,1,,,MEDIUM,7,1
0 days 01:12:24.611000,NOR,0 days 00:01:17.285000,8,1,,,MEDIUM,8,1
0 days 01:13:42.075000,NOR,0 days 00:01:17.464000,9,1,,,MEDIUM,9,1
0 days 01:14:59.685000,NOR,0 days 00:01:17.610000,10,1,,,MEDIUM,10,1
0 days 01:16:17.204000,NOR,0 days 00:01:17.519000,11,1,,,MEDIUM,11,1
0 days 01:17:35.019000,NOR,0 days 00:01:17.815000,12,1,,,MEDIUM,12,1
0 days 01:18:52.622000,NOR,0 days 00:01:17.603000,13,1,,,MEDIUM,13,1
0 days 01:20:10.545000,NOR,0 days 00:01:17.923000,14,1,,,MEDIUM,14,1
0 days 01:21:28.140000,NOR,0 days 00:01:17.595000,15,1,,,MEDIUM,15,1
0 days 01:22:45.672000,NOR,0 days 00:01:17.532000,16,1,,,MEDIUM,16,1
0 days 01:24:06.505000,NOR,0 days 00:01:20.833000,17,1,,0 days 01:24:04.943000,MEDIUM,17,1
0 days 01:25:43.269000,NOR,0 days 00:01:36.764000,18,2,0 days 01:24:24.218000,,HARD,1,1
0 days 01:27:00.051000,NOR,0 days 00:01:16.782000,19,2,,,HARD,2,1
0 days 01:28:17.345000,NOR,0 days 00:01:17.294000,20,2,,,HARD,3,1
0 days 01:29:34.274000,NOR,0 days 00:01:16.929000,21,2,,,HARD,4,1
0 days 01:30:51.036000,NOR,0 days 00:01:16.762000,22,2,,,HARD,5,1
0 days 01:32:07.909000,NOR,0 days 00:01:16.873000,23,2,,,HARD,6,1
0 days 01:33:24.688000,NOR,0 days 00:01:16.779000,24,2,,,HARD,7,1
0 days 01:34:41.513000,NOR,0 days 00:01:16.825000,25,2,,,HARD,8,1
0 days 01:35:58.246000,NOR,0 days 00:01:16.733000,26,2,,,HARD,9,1
0 days 01:37:15.469000,NOR,0 days 00:01:17.223000,27,2,,,HARD,10,1
0 days 01:38:32.397000,NOR,0 days 00:01:16.928000,28,2,,,HARD,11,1
0 days 01:39:49.240000,NOR,0 days 00:01:16.843000,29,2,,,HARD,12,1
0 days 01:41:06.159000,NOR,0 days 00:01:16.919000,30,2,,,HARD,13,1
0 days 01:42:23.290000,NOR,0 days 00:01:17.131000,31,2,,,HARD,14,1
0 days 01:43:40.469000,NOR,0 days 00:01:17.179000,32,2,,,HARD,15,1
0 days 01:44:57.632000,NOR,0 days 00:01:17.163000,33,2,,,HARD,16,1
0 days 01:46:14.864000,NOR,0 days 00:01:17.232000,34,2,,,HARD,17,1
0 days 01:47:31.858000,NOR,0 days 00:01:16.994000,35,2,,,HARD,18,1
0 days 01:48:49.152000,NOR,0 days 00:01:17.294000,36,2,,,HARD,19,1
0 days 01:50:06.432000,NOR,0 days 00:01:17.280000,37,2,,,HARD,20,1
0 days 01:51:23.374000,NOR,0 days 00:01:16.942000,38,2,,,HARD,21,1
0 days 01:52:40.263000,NOR,0 days 00:01:16.889000,39,2,,,HARD,22,1
0 days 01:53:57.024000,NOR,0 days 00:01:16.761000,40,2,,,HARD,23,1
0 days 01:55:13.739000,NOR,0 days 00:01:16.715000,41,2,,,HARD,24,1
0 days 01:56:30.374000,NOR,0 days 00:01:16.635000,42,2,,,HARD,25,1
0 days 01:57:47.076000,NOR,0 days 00:01:16.702000,43,2,,,HARD,26,1
0 days 01:59:05.892000,NOR,0 days 00:01:18.816000,44,2,,,HARD,27,2
0 days 02:00:22.733000,NOR,0 days 00:01:16.841000,45,2,,,HARD,28,1
0 days 02:01:39.423000,NOR,0 days 00:01:16.690000,46,2,,,HARD,29,1
0 days 02:03:09.631000,NOR,0 days 00:01:30.208000,47,2,,0 days 02:03:07.950000,HARD,30,26
0 days 02:05:14.927000,NOR,0 days 00:02:05.296000,48,3,0 days 02:03:29.179000,,SOFT,4,6
0 days 02:06:45.606000,NOR,0 days 00:01:30.679000,49,3,,,SOFT,5,67
0 days 02:08:01.037000,NOR,0 days 00:01:15.431000,50,3,,,SOFT,6,1
0 days 02:09:16.229000,NOR,0 days 00:01:15.192000,51,3,,,SOFT,7,1
0 days 02:10:31.264000,NOR,0 days 00:01:15.035000,52,3,,,SOFT,8,1
0 days 02:11:46.805000,NOR,0 days 00:01:15.541000,53,3,,,SOFT,9,1
0 days 02:13:02.532000,NOR,0 days 00:01:15.727000,54,3,,,SOFT,10,2
0 days 02:14:20.311000,NOR,0 days 00:01:17.779000,55,3,,,SOFT,11,24
0 days 02:16:07.014000,NOR,0 days 00:01:46.703000,56,3,,,SOFT,12,4
0 days 02:17:51.719000,NOR,0 days 00:01:44.705000,57,3,,0 days 02:17:50.158000,SOFT,13,4
0 days 02:19:57.323000,NOR,0 days 00:02:05.604000,58,4,0 days 02:18:11.375000,,SOFT,4,4
0 days 02:21:59.148000,NOR,0 days 00:02:01.825000,59,4,,,SOFT,5,4
0 days 02:23:54.053000,NOR,0 days 00:01:54.905000,60,4,,,SOFT,6,4
0 days 02:25:10.573000,NOR,0 days 00:01:16.520000,61,4,,,SOFT,7,1
0 days 02:26:25.996000,NOR,0 days 00:01:15.423000,62,4,,,SOFT,8,1
0 days 02:27:40.702000,NOR,0 days 00:01:14.706000,63,4,,,SOFT,9,1
0 days 02:28:55.532000,NOR,0 days 00:01:14.830000,64,4,,,SOFT,10,1
0 days 02:30:10.766000,NOR,0 days 00:01:15.234000,65,4,,,SOFT,11,1
0 days 02:31:25.813000,NOR,0 days 00:01:15.047000,66,4,,,SOFT,12,1
0 days 02:32:41.664000,NOR,0 days 00:01:15.851000,67,4,,,SOFT,13,1
0 days 02:33:56.854000,NOR,0 days 00:01:15.190000,68,4,,,SOFT,14,1
0 days 02:35:12.695000,NOR,0 days 00:01:15.841000,69,4,,,SOFT,15,1
0 days 02:36:27.998000,NOR,0 days 00:01:15.303000,70,4,,,SOFT,16,1
0 days 02:37:43.660000,NOR,0 days 00:01:15.662000,71,4,,,SOFT,17,1
0 days 02:38:59.011000,NOR,0 days 00:01:15.351000,72,4,,,SOFT,18,1
0 days 01:03:19.650000,HAM,0 days 00:01:22.718000,1,1,0 days 00:24:56.531000,,MEDIUM,1,1
0 days 01:04:36.464000,HAM,0 days 00:01:16.814000,2,1,,,MEDIUM,2,2
0 days 01:05:53.268000,HAM,0 days 00:01:16.804000,3,1,,,MEDIUM,3,1
0 days 01:07:09.846000,HAM,0 days 00:01:16.578000,4,1,,,MEDIUM,4,2
0 days 01:08:26.453000,HAM,0 days 00:01:16.607000,5,1,,,MEDIUM,5,1
0 days 01:09:43.536000,HAM,0 days 00:01:17.083000,6,1,,,MEDIUM,6,1
0 days 01:11:00.532000,HAM,0 days 00:01:16.996000,7,1,,,MEDIUM,7,1
0 days 01:12:17.802000,HAM,0 days 00:01:17.270000,8,1,,,MEDIUM,8,1
0 days 01:13:35.243000,HAM,0 days 00:01:17.441000,9,1,,,MEDIUM,9,1
0 days 01:14:52.337000,HAM,0 days 00:01:17.094000,10,1,,,MEDIUM,10,1
0 days 01:16:09.392000,HAM,0 days 00:01:17.055000,11,1,,,MEDIUM,11,1
0 days 01:17:27.332000,HAM,0 days 00:01:17.940000,12,1,,,MEDIUM,12,1
0 days 01:18:44.219000,HAM,0 days 00:01:16.887000,13,1,,,MEDIUM,13,1
0 days 01:20:01.323000,HAM,0 days 00:01:17.104000,14,1,,,MEDIUM,14,1
0 days 01:21:18.210000,HAM,0 days 00:01:16.887000,15,1,,,MEDIUM,15,1
0 days 01:22:35.274000,HAM,0 days 00:01:17.064000,16,1,,,MEDIUM,16,1
0 days 01:23:52.211000,HAM,0 days 00:01:16.937000,17,1,,,MEDIUM,17,1
0 days 01:25:09.199000,HAM,0 days 00:01:16.988000,18,1,,,MEDIUM,18,1
0 days 01:26:25.988000,HAM,0 days 00:01:16.789000,19,1,,,MEDIUM,19,1
0 days 01:27:42.662000,HAM,0 days 00:01:16.674000,20,1,,,MEDIUM,20,1
0 days 01:28:59.487000,HAM,0 days 00:01:16.825000,21,1,,,MEDIUM,21,1
0 days 01:30:16.165000,HAM,0 days 00:01:16.678000,22,1,,,MEDIUM,22,1
0 days 01:31:32.790000,HAM,0 days 00:01:16.625000,23,1,,,MEDIUM,23,1
0 days 01:32:49.492000,HAM,0 days 00:01:16.702000,24,1,,,MEDIUM,24,1
0 days 01:34:06.231000,HAM,0 days 00:01:16.739000,25,1,,,MEDIUM,25,1
0 days 01:35:22.943000,HAM,0 days 00:01:16.712000,26,1,,,MEDIUM,26,1
0 days 01:36:39.962000,HAM,0 days 00:01:17.019000,27,1,,,MEDIUM,27,1
0 days 01:37:56.848000,HAM,0 days 00:01:16.886000,28,1,,,MEDIUM,28,1
0 days 01:39:16.696000,HAM,0 days 00:01:19.848000,29,1,,0 days 01:39:15.169000,MEDIUM,29,1
0 days 01:40:51.726000,HAM,0 days 00:01:35.030000,30,2,0 days 01:39:34.154000,,HARD,1,1
0 days 01:42:07.527000,HAM,0 days 00:01:15.801000,31,2,,,HARD,2,1
0 days 01:43:23.364000,HAM,0 days 00:01:15.837000,32,2,,,HARD,3,1
0 days 01:44:39.347000,HAM,0 days 00:01:15.983000,33,2,,,HARD,4,1
0 days 01:45:54.819000,HAM,0 days 00:01:15.472000,34,2,,,HARD,5,1
0 days 01:47:10.602000,HAM,0 days 00:01:15.783000,35,2,,,HARD,6,1
0 days 01:48:28.074000,HAM,0 days 00:01:17.472000,36,2,,,HARD,7,1
0 days 01:49:45.657000,HAM,0 days 00:01:17.583000,37,2,,,HARD,8,1
0 days 01:51:00.773000,HAM,0 days 00:01:15.116000,38,2,,,HARD,9,1
0 days 01:52:16.813000,HAM,0 days 00:01:16.040000,39,2,,,HARD,10,1
0 days 01:53:32.045000,HAM,0 days 00:01:15.232000,40,2,,,HARD,11,1
0 days 01:54:47.567000,HAM,0 days 00:01:15.522000,41,2,,,HARD,12,1
0 days 01:56:02.853000,HAM,0 days 00:01:15.286000,42,2,,,HARD,13,1
0 days 01:57:18.143000,HAM,0 days 00:01:15.290000,43,2,,,HARD,14,1
0 days 01:58:34.112000,HAM,0 days 00:01:15.969000,44,2,,,HARD,15,2
0 days 01:59:49.904000,HAM,0 days 00:01:15.792000,45,2,,,HARD,16,2
0 days 02:01:05.225000,HAM,0 days 00:01:15.321000,46,2,,,HARD,17,1
0 days 02:02:20.362000,HAM,0 days 00:01:15.137000,47,2,,,HARD,18,2
0 days 02:04:04.009000,HAM,0 days 00:01:43.647000,48,2,,0 days 02:04:02.446000,HARD,19,26
0 days 02:06:02.721000,HAM,0 days 00:01:58.712000,49,3,0 days 02:04:21.602000,,MEDIUM,1,6
0 days 02:07:23.155000,HAM,0 days 00:01:20.434000,50,3,,,MEDIUM,2,67
0 days 02:08:37.820000,HAM,0 days 00:01:14.665000,51,3,,,MEDIUM,3,1
0 days 02:09:52.239000,HAM,0 days 00:01:14.419000,52,3,,,MEDIUM,4,1
0 days 02:11:06.200000,HAM,0 days 00:01:13.961000,53,3,,,MEDIUM,5,1
0 days 02:12:20.054000,HAM,0 days 00:01:13.854000,54,3,,,MEDIUM,6,1
0 days 02:13:34.247000,HAM,0 days 00:01:14.193000,55,3,,,MEDIUM,7,2
0 days 02:15:00.724000,HAM,0 days 00:01:26.477000,56,3,,,MEDIUM,8,24
0 days 02:17:20.160000,HAM,0 days 00:02:19.436000,57,3,,0 days 02:17:18.552000,MEDIUM,9,4
0 days 02:19:39.808000,HAM,0 days 00:02:19.648000,58,4,0 days 02:17:32.698000,,MEDIUM,10,4
0 days 02:21:47.744000,HAM,0 days 00:02:07.936000,59,4,,,MEDIUM,11,4
0 days 02:23:51.209000,HAM,0 days 00:02:03.465000,60,4,,,MEDIUM,12,4
0 days 02:25:06.632000,HAM,0 days 00:01:15.423000,61,4,,,MEDIUM,13,1
0 days 02:26:20.711000,HAM,0 days 00:01:14.079000,62,4,,,MEDIUM,14,1
0 days 02:27:35.243000,HAM,0 days 00:01:14.532000,63,4,,,MEDIUM,15,1
0 days 02:28:50.867000,HAM,0 days 00:01:15.624000,64,4,,,MEDIUM,16,1
0 days 02:30:06.034000,HAM,0 days 00:01:15.167000,65,4,,,MEDIUM,17,1
0 days 02:31:22.097000,HAM,0 days 00:01:16.063000,66,4,,,MEDIUM,18,1
0 days 02:32:36.778000,HAM,0 days 00:01:14.681000,67,4,,,MEDIUM,19,1
0 days 02:33:51.500000,HAM,0 days 00:01:14.722000,68,4,,,MEDIUM,20,1
0 days 02:35:06.538000,HAM,0 days 00:01:15.038000,69,4,,,MEDIUM,21,1
0 days 02:36:21.653000,HAM,0 days 00:01:15.115000,70,4,,,MEDIUM,22,1
0 days 02:37:36.939000,HAM,0 days 00:01:15.286000,71,4,,,MEDIUM,23,1
0 days 02:38:52.721000,HAM,0 days 00:01:15.782000,72,4,,,MEDIUM,24,1
0 days 01:03:23.387000,MSC,0 days 00:01:26.455000,1,1,0 days 00:24:18.276000,,MEDIUM,1,1
0 days 01:04:41.871000,MSC,0 days 00:01:18.484000,2,1,,,MEDIUM,2,2
0 days 01:05:59.932000,MSC,0 days 00:01:18.061000,3,1,,,MEDIUM,3,1
0 days 01:07:18.368000,MSC,0 days 00:01:18.436000,4,1,,,MEDIUM,4,2
0 days 01:08:36.388000,MSC,0 days 00:01:18.020000,5,1,,,MEDIUM,5,1
0 days 01:09:54.529000,MSC,0 days 00:01:18.141000,6,1,,,MEDIUM,6,1
0 days 01:11:12.259000,MSC,0 days 00:01:17.730000,7,1,,,MEDIUM,7,1
0 days 01:12:30.266000,MSC,0 days 00:01:18.007000,8,1,,,MEDIUM,8,1
0 days 01:13:48.286000,MSC,0 days 00:01:18.020000,9,1,,,MEDIUM,9,1
0 days 01:15:06.344000,MSC,0 days 00:01:18.058000,10,1,,,MEDIUM,10,1
0 days 01:16:24.255000,MSC,0 days 00:01:17.911000,11,1,,,MEDIUM,11,1
0 days 01:17:42.653000,MSC,0 days 00:01:18.398000,12,1,,,MEDIUM,12,1
0 days 01:19:04.097000,MSC,0 days 00:01:21.444000,13,1,,0 days 01:19:02.489000,MEDIUM,13,1
0 days 01:20:47.737000,MSC,0 days 00:01:43.640000,14,2,0 days 01:19:29.375000,,MEDIUM,1,1
0 days 01:22:05.678000,MSC,0 days 00:01:17.941000,15,2,,,MEDIUM,2,1
0 days 01:23:23.753000,MSC,0 days 00:01:18.075000,16,2,,,MEDIUM,3,1
0 days 01:24:41.400000,MSC,0 days 00:01:17.647000,17,2,,,MEDIUM,4,1
0 days 01:25:59.089000,MSC,0 days 00:01:17.689000,18,2,,,MEDIUM,5,1
0 days 01:27:15.970000,MSC,0 days 00:01:16.881000,19,2,,,MEDIUM,6,1
0 days 01:28:32.927000,MSC,0 days 00:01:16.957000,20,2,,,MEDIUM,7,1
0 days 01:29:49.971000,MSC,0 days 00:01:17.044000,21,2,,,MEDIUM,8,1
0 days 01:31:07.402000,MSC,0 days 00:01:17.431000,22,2,,,MEDIUM,9,1
0 days 01:32:24.772000,MSC,0 days 00:01:17.370000,23,2,,,MEDIUM,10,1
0 days 01:33:42.318000,MSC,0 days 00:01:17.546000,24,2,,,MEDIUM,11,1
0 days 01:34:59.917000,MSC,0 days 00:01:17.599000,25,2,,,MEDIUM,12,1
0 days 01:36:18.430000,MSC,0 days 00:01:18.513000,26,2,,,MEDIUM,13,1
0 days 01:37:36.380000,MSC,0 days 00:01:17.950000,27,2,,,MEDIUM,14,1
0 days 01:38:53.995000,MSC,0 days 00:01:17.615000,28,2,,,MEDIUM,15,1
0 days 01:40:12.070000,MSC,0 days 00:01:18.075000,29,2,,,MEDIUM,16,1
0 days 01:41:29.956000,MSC,0 days 00:01:17.886000,30,2,,,MEDIUM,17,1
0 days 01:42:48.322000,MSC,0 days 00:01:18.366000,31,2,,,MEDIUM,18,1
0 days 01:44:06.273000,MSC,0 days 00:01:17.951000,32,2,,,MEDIUM,19,1
0 days 01:45:29.913000,MSC,0 days 00:01:23.640000,33,2,,0 days 01:45:28.250000,MEDIUM,20,1
0 days 01:47:13.070000,MSC,0 days 00:01:43.157000,34,3,0 days 01:45:50.055000,,HARD,1,1
0 days 01:48:32.028000,MSC,0 days 00:01:18.958000,35,3,,,HARD,2,1
0 days 01:49:50.582000,MSC,0 days 00:01:18.554000,36,3,,,HARD,3,1
0 days 01:51:07.905000,MSC,0 days 00:01:17.323000,37,3,,,HARD,4,1
0 days 01:52:24.998000,MSC,0 days 00:01:17.093000,38,3,,,HARD,5,1
0 days 01:53:41.834000,MSC,0 days 00:01:16.836000,39,3,,,HARD,6,1
0 days 01:54:58.928000,MSC,0 days 00:01:17.094000,40,3,,,HARD,7,1
0 days 01:56:15.564000,MSC,0 days 00:01:16.636000,41,3,,,HARD,8,1
0 days 01:57:31.835000,MSC,0 days 00:01:16.271000,42,3,,,HARD,9,1
0 days 01:58:48.063000,MSC,0 days 00:01:16.228000,43,3,,,HARD,10,2
0 days 02:00:04.466000,MSC,0 days 00:01:16.403000,44,3,,,HARD,11,2
0 days 02:01:21.780000,MSC,0 days 00:01:17.314000,45,3,,,HARD,12,1
0 days 02:02:46.529000,MSC,0 days 00:01:24.749000,46,3,,,HARD,13,26
0 days 02:04:30.184000,MSC,0 days 00:01:43.655000,47,3,,0 days 02:04:28.497000,HARD,14,6
0 days 02:06:26.770000,MSC,0 days 00:01:56.586000,48,4,0 days 02:04:48.812000,,SOFT,3,67
0 days 02:07:42.982000,MSC,0 days 00:01:16.212000,49,4,,,SOFT,4,1
0 days 02:08:58.653000,MSC,0 days 00:01:15.671000,50,4,,,SOFT,5,1
0 days 02:10:13.886000,MSC,0 days 00:01:15.233000,51,4,,,SOFT,6,1
0 days 02:11:29.301000,MSC,0 days 00:01:15.415000,52,4,,,SOFT,7,1
0 days 02:12:45.021000,MSC,0 days 00:01:15.720000,53,4,,,SOFT,8,1
0 days 02:14:00.670000,MSC,0 days 00:01:15.649000,54,4,,,SOFT,9,2
0 days 02:15:38.880000,MSC,0 days 00:01:38.210000,55,4,,,SOFT,10,24
0 days 02:17:28.435000,MSC,0 days 00:01:49.555000,56,4,,0 days 02:17:26.787000,SOFT,11,4
0 days 02:19:43.899000,MSC,0 days 00:02:15.464000,57,5,0 days 02:17:41.001000,,SOFT,12,4
0 days 02:21:17.315000,MSC,0 days 00:01:33.416000,58,5,,,SOFT,13,4
0 days 02:22:34.014000,MSC,0 days 00:01:16.699000,59,5,,,SOFT,14,4
0 days 02:23:56.599000,MSC,0 days 00:01:22.585000,60,5,,,SOFT,15,4
0 days 02:25:13.846000,MSC,0 days 00:01:17.247000,61,5,,,SOFT,16,1
0 days 02:26:30.206000,MSC,0 days 00:01:16.360000,62,5,,,SOFT,17,1
0 days 02:27:45.797000,MSC,0 days 00:01:15.591000,63,5,,,SOFT,18,1
0 days 02:29:01.487000,MSC,0 days 00:01:15.690000,64,5,,,SOFT,19,1
0 days 02:30:17.012000,MSC,0 days 00:01:15.525000,65,5,,,SOFT,20,1
0 days 02:31:32.815000,MSC,0 days 00:01:15.803000,66,5,,,SOFT,21,1
0 days 02:32:49.318000,MSC,0 days 00:01:16.503000,67,5,,,SOFT,22,1
0 days 02:34:05.976000,MSC,0 days 00:01:16.658000,68,5,,,SOFT,23,1
0 days 02:35:22.215000,MSC,0 days 00:01:16.239000,69,5,,,SOFT,24,1
0 days 02:36:39.664000,MSC,0 days 00:01:17.449000,70,5,,,SOFT,25,1
0 days 02:37:56.278000,MSC,0 days 00:01:16.614000,71,5,,,SOFT,26,1
0 days 02:39:12.700000,MSC,0 days 00:01:16.422000,72,5,,,SOFT,27,1
0 days 01:03:26.951000,VET,0 days 00:01:30.019000,1,1,0 days 00:22:37.877000,,SOFT,1,1
0 days 01:04:46.322000,VET,0 days 00:01:19.371000,2,1,,,SOFT,2,2
0 days 01:06:04.889000,VET,0 days 00:01:18.567000,3,1,,,SOFT,3,1
0 days 01:07:23.091000,VET,0 days 00:01:18.202000,4,1,,,SOFT,4,2
0 days 01:08:41.237000,VET,0 days 00:01:18.146000,5,1,,,SOFT,5,1
0 days 01:09:59.620000,VET,0 days 00:01:18.383000,6,1,,,SOFT,6,1
0 days 01:11:17.661000,VET,0 days 00:01:18.041000,7,1,,,SOFT,7,1
0 days 01:12:35.927000,VET,0 days 00:01:18.266000,8,1,,,SOFT,8,1
0 days 01:13:58.046000,VET,0 days 00:01:22.119000,9,1,,0 days 01:13:56.505000,SOFT,9,1
0 days 01:15:36.416000,VET,0 days 00:01:38.370000,10,2,0 days 01:14:18.888000,,MEDIUM,2,1
0 days 01:16:53.591000,VET,0 days 00:01:17.175000,11,2,,,MEDIUM,3,1
0 days 01:18:11.132000,VET,0 days 00:01:17.541000,12,2,,,MEDIUM,4,1
0 days 01:19:29.300000,VET,0 days 00:01:18.168000,13,2,,,MEDIUM,5,1
0 days 01:20:47.173000,VET,0 days 00:01:17.873000,14,2,,,MEDIUM,6,1
0 days 01:22:06.050000,VET,0 days 00:01:18.877000,15,2,,,MEDIUM,7,1
0 days 01:23:24.994000,VET,0 days 00:01:18.944000,16,2,,,MEDIUM,8,1
0 days 01:24:43.480000,VET,0 days 00:01:18.486000,17,2,,,MEDIUM,9,1
0 days 01:26:01.760000,VET,0 days 00:01:18.280000,18,2,,,MEDIUM,10,1
0 days 01:27:21.112000,VET,0 days 00:01:19.352000,19,2,,,MEDIUM,11,1
0 days 01:28:39.187000,VET,0 days 00:01:18.075000,20,2,,,MEDIUM,12,1
0 days 01:29:57.125000,VET,0 days 00:01:17.938000,21,2,,,MEDIUM,13,1
0 days 01:31:15.185000,VET,0 days 00:01:18.060000,22,2,,,MEDIUM,14,1
0 days 01:32:33.324000,VET,0 days 00:01:18.139000,23,2,,,MEDIUM,15,1
0 days 01:33:51.334000,VET,0 days 00:01:18.010000,24,2,,,MEDIUM,16,1
0 days 01:35:09.110000,VET,0 days 00:01:17.776000,25,2,,,MEDIUM,17,1
0 days 01:36:26.967000,VET,0 days 00:01:17.857000,26,2,,,MEDIUM,18,1
0 days 01:37:44.882000,VET,0 days 00:01:17.915000,27,2,,,MEDIUM,19,1
0 days 01:39:02.436000,VET,0 days 00:01:17.554000,28,2,,,MEDIUM,20,1
0 days 01:40:19.991000,VET,0 days 00:01:17.555000,29,2,,,MEDIUM,21,1
0 days 01:41:37.829000,VET,0 days 00:01:17.838000,30,2,,,MEDIUM,22,1
0 days 01:42:55.714000,VET,0 days 00:01:17.885000,31,2,,,MEDIUM,23,1
0 days 01:44:13.492000,VET,0 days 00:01:17.778000,32,2,,,MEDIUM,24,1
0 days 01:45:31.296000,VET,0 days 00:01:17.804000,33,2,,,MEDIUM,25,1
0 days 01:46:48.711000,VET,0 days 00:01:17.415000,34,2,,,MEDIUM,26,1
0 days 01:48:09.447000,VET,0 days 00:01:20.736000,35,2,,0 days 01:48:07.719000,MEDIUM,27,1
0 days 01:49:48.243000,VET,0 days 00:01:38.796000,36,3,0 days 01:48:26.877000,,HARD,2,1
0 days 01:51:06.809000,VET,0 days 00:01:18.566000,37,3,,,HARD,3,1
0 days 01:52:23.804000,VET,0 days 00:01:16.995000,38,3,,,HARD,4,1
0 days 01:53:40.554000,VET,0 days 00:01:16.750000,39,3,,,HARD,5,1
0 days 01:54:56.889000,VET,0 days 00:01:16.335000,40,3,,,HARD,6,1
0 days 01:56:13.372000,VET,0 days 00:01:16.483000,41,3,,,HARD,7,1
0 days 01:57:30.085000,VET,0 days 00:01:16.713000,42,3,,,HARD,8,1
0 days 01:58:46.833000,VET,0 days 00:01:16.748000,43,3,,,HARD,9,2
0 days 02:00:04.173000,VET,0 days 00:01:17.340000,44,3,,,HARD,10,2
0 days 02:01:21.323000,VET,0 days 00:01:17.150000,45,3,,,HARD,11,1
0 days 02:02:44.032000,VET,0 days 00:01:22.709000,46,3,,,HARD,12,26
0 days 02:04:27.058000,VET,0 days 00:01:43.026000,47,3,,,HARD,13,6
0 days 02:06:11.870000,VET,0 days 00:01:44.812000,48,3,,0 days 02:06:10.211000,HARD,14,67
0 days 02:07:45.645000,VET,0 days 00:01:33.775000,49,4,0 days 02:06:29.005000,,SOFT,1,7
0 days 02:09:00.507000,VET,0 days 00:01:14.862000,50,4,,,SOFT,2,1
0 days 02:10:16.072000,VET,0 days 00:01:15.565000,51,4,,,SOFT,3,1
0 days 02:11:31.359000,VET,0 days 00:01:15.287000,52,4,,,SOFT,4,1
0 days 02:12:46.677000,VET,0 days 00:01:15.318000,53,4,,,SOFT,5,1
0 days 02:14:02.286000,VET,0 days 00:01:15.609000,54,4,,,SOFT,6,2
0 days 02:15:41.353000,VET,0 days 00:01:39.067000,55,4,,,SOFT,7,24
0 days 02:17:31.914000,VET,0 days 00:01:50.561000,56,4,,0 days 02:17:30.273000,SOFT,8,4
0 days 02:19:46.517000,VET,0 days 00:02:14.603000,57,5,0 days 02:17:44.638000,,SOFT,9,4
0 days 02:21:17.740000,VET,0 days 00:01:31.223000,58,5,,,SOFT,10,4
0 days 02:22:34.852000,VET,0 days 00:01:17.112000,59,5,,,SOFT,11,4
0 days 02:23:56.747000,VET,0 days 00:01:21.895000,60,5,,,SOFT,12,4
0 days 02:25:14.411000,VET,0 days 00:01:17.664000,61,5,,,SOFT,13,1
0 days 02:26:30.915000,VET,0 days 00:01:16.504000,62,5,,,SOFT,14,1
0 days 02:27:46.734000,VET,0 days 00:01:15.819000,63,5,,,SOFT,15,1
0 days 02:29:02.306000,VET,0 days 00:01:15.572000,64,5,,,SOFT,16,1
0 days 02:30:18.221000,VET,0 days 00:01:15.915000,65,5,,,SOFT,17,1
0 days 02:31:34.301000,VET,0 days 00:01:16.080000,66,5,,,SOFT,18,1
0 days 02:32:50.265000,VET,0 days 00:01:15.964000,67,5,,,SOFT,19,1
0 days 02:34:06.362000,VET,0 days 00:01:16.097000,68,5,,,SOFT,20,1
0 days 02:35:22.476000,VET,0 days 00:01:16.114000,69,5,,,SOFT,21,1
0 days 02:36:38.411000,VET,0 days 00:01:15.935000,70,5,,,SOFT,22,1
0 days 02:37:54.562000,VET,0 days 00:01:16.151000,71,5,,,SOFT,23,1
0 days 02:39:10.712000,VET,0 days 00:01:16.150000,72,5,,,SOFT,24,1
0 days 01:03:18.400000,SAI,0 days 00:01:21.468000,1,1,0 days 00:22:46.501000,,SOFT,4,1
0 days 01:04:35.022000,SAI,0 days 00:01:16.622000,2,1,,,SOFT,5,2
0 days 01:05:51.941000,SAI,0 days 00:01:16.919000,3,1,,,SOFT,6,1
0 days 01:07:09.043000,SAI,0 days 00:01:17.102000,4,1,,,SOFT,7,2
0 days 01:08:25.917000,SAI,0 days 00:01:16.874000,5,1,,,SOFT,8,1
0 days 01:09:42.941000,SAI,0 days 00:01:17.024000,6,1,,,SOFT,9,1
0 days 01:10:59.953000,SAI,0 days 00:01:17.012000,7,1,,,SOFT,10,1
0 days 01:12:17.156000,SAI,0 days 00:01:17.203000,8,1,,,SOFT,11,1
0 days 01:13:34.486000,SAI,0 days 00:01:17.330000,9,1,,,SOFT,12,1
0 days 01:14:51.661000,SAI,0 days 00:01:17.175000,10,1,,,SOFT,13,1
0 days 01:16:08.954000,SAI,0 days 00:01:17.293000,11,1,,,SOFT,14,1
0 days 01:17:26.559000,SAI,0 days 00:01:17.605000,12,1,,,SOFT,15,1
0 days 01:18:43.647000,SAI,0 days 00:01:17.088000,13,1,,,SOFT,16,1
0 days 01:20:04.013000,SAI,0 days 00:01:20.366000,14,1,,0 days 01:20:02.392000,SOFT,17,1
0 days 01:21:49.696000,SAI,0 days 00:01:45.683000,15,2,0 days 01:20:32.162000,,MEDIUM,1,1
0 days 01:23:06.397000,SAI,0 days 00:01:16.701000,16,2,,,MEDIUM,2,1
0 days 01:24:22.714000,SAI,0 days 00:01:16.317000,17,2,,,MEDIUM,3,1
0 days 01:25:39.176000,SAI,0 days 00:01:16.462000,18,2,,,MEDIUM,4,1
0 days 01:26:56.784000,SAI,0 days 00:01:17.608000,19,2,,,MEDIUM,5,1
0 days 01:28:13.932000,SAI,0 days 00:01:17.148000,20,2,,,MEDIUM,6,1
0 days 01:29:30.846000,SAI,0 days 00:01:16.914000,21,2,,,MEDIUM,7,1
0 days 01:30:47.906000,SAI,0 days 00:01:17.060000,22,2,,,MEDIUM,8,1
0 days 01:32:04.554000,SAI,0 days 00:01:16.648000,23,2,,,MEDIUM,9,1
0 days 01:33:21.370000,SAI,0 days 00:01:16.816000,24,2,,,MEDIUM,10,1
0 days 01:34:37.867000,SAI,0 days 00:01:16.497000,25,2,,,MEDIUM,11,1
0 days 01:35:54.880000,SAI,0 days 00:01:17.013000,26,2,,,MEDIUM,12,1
0 days 01:37:11.669000,SAI,0 days 00:01:16.789000,27,2,,,MEDIUM,13,1
0 days 01:38:28.490000,SAI,0 days 00:01:16.821000,28,2,,,MEDIUM,14,1
0 days 01:39:45.351000,SAI,0 days 00:01:16.861000,29,2,,,MEDIUM,15,1
0 days 01:41:02.499000,SAI,0 days 00:01:17.148000,30,2,,,MEDIUM,16,1
0 days 01:42:19.389000,SAI,0 days 00:01:16.890000,31,2,,,MEDIUM,17,1
0 days 01:43:36.331000,SAI,0 days 00:01:16.942000,32,2,,,MEDIUM,18,1
0 days 01:44:53.514000,SAI,0 days 00:01:17.183000,33,2,,,MEDIUM,19,1
0 days 01:46:10.348000,SAI,0 days 00:01:16.834000,34,2,,,MEDIUM,20,1
0 days 01:47:27.207000,SAI,0 days 00:01:16.859000,35,2,,,MEDIUM,21,1
0 days 01:48:44.207000,SAI,0 days 00:01:17,36,2,,,MEDIUM,22,1
0 days 01:50:01.153000,SAI,0 days 00:01:16.946000,37,2,,,MEDIUM,23,1
0 days 01:51:18.181000,SAI,0 days 00:01:17.028000,38,2,,,MEDIUM,24,1
0 days 01:52:35.271000,SAI,0 days 00:01:17.090000,39,2,,,MEDIUM,25,1
0 days 01:53:51.919000,SAI,0 days 00:01:16.648000,40,2,,,MEDIUM,26,1
0 days 01:55:08.523000,SAI,0 days 00:01:16.604000,41,2,,,MEDIUM,27,1
0 days 01:56:24.950000,SAI,0 days 00:01:16.427000,42,2,,,MEDIUM,28,1
0 days 01:57:45.111000,SAI,0 days 00:01:20.161000,43,2,,0 days 01:57:43.503000,MEDIUM,29,1
0 days 01:59:21.520000,SAI,0 days 00:01:36.409000,44,3,0 days 01:58:03.047000,,HARD,1,2
0 days 02:00:37.589000,SAI,0 days 00:01:16.069000,45,3,,,HARD,2,1
0 days 02:01:52.947000,SAI,0 days 00:01:15.358000,46,3,,,HARD,3,1
0 days 02:03:23.878000,SAI,0 days 00:01:30.931000,47,3,,,HARD,4,26
0 days 02:05:11.369000,SAI,0 days 00:01:47.491000,48,3,,,HARD,5,6
0 days 02:06:43.172000,SAI,0 days 00:01:31.803000,49,3,,,HARD,6,67
0 days 02:07:59.493000,SAI,0 days 00:01:16.321000,50,3,,,HARD,7,1
0 days 02:09:14.673000,SAI,0 days 00:01:15.180000,51,3,,,HARD,8,1
0 days 02:10:29.958000,SAI,0 days 00:01:15.285000,52,3,,,HARD,9,1
0 days 02:11:45.506000,SAI,0 days 00:01:15.548000,53,3,,,HARD,10,1
0 days 02:13:01.179000,SAI,0 days 00:01:15.673000,54,3,,,HARD,11,1
0 days 02:14:18.111000,SAI,0 days 00:01:16.932000,55,3,,,HARD,12,2
0 days 02:16:05.061000,SAI,0 days 00:01:46.950000,56,3,,,HARD,13,24
0 days 02:17:48.567000,SAI,0 days 00:01:43.506000,57,3,,0 days 02:17:47.012000,HARD,14,4
0 days 02:19:52.761000,SAI,0 days 00:02:04.194000,58,4,0 days 02:18:08.173000,,SOFT,4,4
0 days 02:21:55.098000,SAI,0 days 00:02:02.337000,59,4,,,SOFT,5,4
0 days 02:23:52.922000,SAI,0 days 00:01:57.824000,60,4,,,SOFT,6,4
0 days 02:25:08.607000,SAI,0 days 00:01:15.685000,61,4,,,SOFT,7,1
0 days 02:26:23.429000,SAI,0 days 00:01:14.822000,62,4,,,SOFT,8,1
0 days 02:27:38.072000,SAI,0 days 00:01:14.643000,63,4,,,SOFT,9,1
0 days 02:28:53.149000,SAI,0 days 00:01:15.077000,64,4,,,SOFT,10,1
0 days 02:30:08.165000,SAI,0 days 00:01:15.016000,65,4,,,SOFT,11,1
0 days 02:31:23.501000,SAI,0 days 00:01:15.336000,66,4,,,SOFT,12,1
0 days 02:32:38.933000,SAI,0 days 00:01:15.432000,67,4,,,SOFT,13,1
0 days 02:33:54.582000,SAI,0 days 00:01:15.649000,68,4,,,SOFT,14,1
0 days 02:35:09.958000,SAI,0 days 00:01:15.376000,69,4,,,SOFT,15,1
0 days 02:36:25.604000,SAI,0 days 00:01:15.646000,70,4,,,SOFT,16,1
0 days 02:37:40.785000,SAI,0 days 00:01:15.181000,71,4,,,SOFT,17,1
0 days 02:38:55.621000,SAI,0 days 00:01:14.836000,72,4,,,SOFT,18,1
0 days 01:03:27.500000,LAT,0 days 00:01:30.568000,1,1,0 days 00:22:59.297000,,SOFT,1,1
0 days 01:04:47.682000,LAT,0 days 00:01:20.182000,2,1,,,SOFT,2,2
0 days 01:06:06.712000,LAT,0 days 00:01:19.030000,3,1,,,SOFT,3,1
0 days 01:07:25.393000,LAT,0 days 00:01:18.681000,4,1,,,SOFT,4,2
0 days 01:08:43.884000,LAT,0 days 00:01:18.491000,5,1,,,SOFT,5,1
0 days 01:10:02.593000,LAT,0 days 00:01:18.709000,6,1,,,SOFT,6,1
0 days 01:11:21.369000,LAT,0 days 00:01:18.776000,7,1,,,SOFT,7,1
0 days 01:12:40.360000,LAT,0 days 00:01:18.991000,8,1,,,SOFT,8,1
0 days 01:13:59.421000,LAT,0 days 00:01:19.061000,9,1,,,SOFT,9,1
0 days 01:15:18.668000,LAT,0 days 00:01:19.247000,10,1,,,SOFT,10,1
0 days 01:16:39.281000,LAT,0 days 00:01:20.613000,11,1,,,SOFT,11,1
0 days 01:17:58.598000,LAT,0 days 00:01:19.317000,12,1,,,SOFT,12,1
0 days 01:19:20.796000,LAT,0 days 00:01:22.198000,13,1,,0 days 01:19:19.219000,SOFT,13,1
0 days 01:20:58.166000,LAT,0 days 00:01:37.370000,14,2,0 days 01:19:39.537000,,MEDIUM,1,1
0 days 01:22:16.145000,LAT,0 days 00:01:17.979000,15,2,,,MEDIUM,2,1
0 days 01:23:34.339000,LAT,0 days 00:01:18.194000,16,2,,,MEDIUM,3,1
0 days 01:24:52.886000,LAT,0 days 00:01:18.547000,17,2,,,MEDIUM,4,1
0 days 01:26:11.417000,LAT,0 days 00:01:18.531000,18,2,,,MEDIUM,5,1
0 days 01:27:29.844000,LAT,0 days 00:01:18.427000,19,2,,,MEDIUM,6,1
0 days 01:28:48.396000,LAT,0 days 00:01:18.552000,20,2,,,MEDIUM,7,1
0 days 01:30:06.807000,LAT,0 days 00:01:18.411000,21,2,,,MEDIUM,8,1
0 days 01:31:25.565000,LAT,0 days 00:01:18.758000,22,2,,,MEDIUM,9,1
0 days 01:32:44.027000,LAT,0 days 00:01:18.462000,23,2,,,MEDIUM,10,1
0 days 01:34:02.358000,LAT,0 days 00:01:18.331000,24,2,,,MEDIUM,11,1
0 days 01:35:20.524000,LAT,0 days 00:01:18.166000,25,2,,,MEDIUM,12,1
0 days 01:36:41.474000,LAT,0 days 00:01:20.950000,26,2,,0 days 01:36:39.960000,MEDIUM,13,1
0 days 01:38:21.023000,LAT,0 days 00:01:39.549000,27,3,0 days 01:37:00.650000,,HARD,1,1
0 days 01:39:38.729000,LAT,0 days 00:01:17.706000,28,3,,,HARD,2,1
0 days 01:40:56.301000,LAT,0 days 00:01:17.572000,29,3,,,HARD,3,1
0 days 01:42:13.609000,LAT,0 days 00:01:17.308000,30,3,,,HARD,4,1
0 days 01:43:32.591000,LAT,0 days 00:01:18.982000,31,3,,,HARD,5,1
0 days 01:44:50.369000,LAT,0 days 00:01:17.778000,32,3,,,HARD,6,1
0 days 01:46:07.940000,LAT,0 days 00:01:17.571000,33,3,,,HARD,7,1
0 days 01:47:25.547000,LAT,0 days 00:01:17.607000,34,3,,,HARD,8,1
0 days 01:48:45.325000,LAT,0 days 00:01:19.778000,35,3,,,HARD,9,1
0 days 01:50:05.046000,LAT,0 days 00:01:19.721000,36,3,,,HARD,10,1
0 days 01:51:26.064000,LAT,0 days 00:01:21.018000,37,3,,,HARD,11,1
0 days 01:52:46.426000,LAT,0 days 00:01:20.362000,38,3,,,HARD,12,1
0 days 01:54:04.174000,LAT,0 days 00:01:17.748000,39,3,,,HARD,13,1
0 days 01:55:24.184000,LAT,0 days 00:01:20.010000,40,3,,,HARD,14,1
0 days 01:56:41.943000,LAT,0 days 00:01:17.759000,41,3,,,HARD,15,1
0 days 01:57:59.564000,LAT,0 days 00:01:17.621000,42,3,,,HARD,16,1
0 days 01:59:19.043000,LAT,0 days 00:01:19.479000,43,3,,,HARD,17,2
0 days 02:00:38.404000,LAT,0 days 00:01:19.361000,44,3,,,HARD,18,1
0 days 02:01:56.233000,LAT,0 days 00:01:17.829000,45,3,,,HARD,19,1
0 days 02:03:31.347000,LAT,0 days 00:01:35.114000,46,3,,,HARD,20,26
0 days 02:05:19.309000,LAT,0 days 00:01:47.962000,47,3,,,HARD,21,6
0 days 02:06:50.462000,LAT,0 days 00:01:31.153000,48,3,,,HARD,22,67
0 days 02:08:08.660000,LAT,0 days 00:01:18.198000,49,3,,,HARD,23,1
0 days 02:09:25.977000,LAT,0 days 00:01:17.317000,50,3,,,HARD,24,1
0 days 02:10:43.049000,LAT,0 days 00:01:17.072000,51,3,,,HARD,25,1
0 days 02:12:00.365000,LAT,0 days 00:01:17.316000,52,3,,,HARD,26,1
0 days 02:13:17.595000,LAT,0 days 00:01:17.230000,53,3,,,HARD,27,2
0 days 02:14:46.329000,LAT,0 days 00:01:28.734000,54,3,,0 days 02:14:44.796000,HARD,28,24
0 days 02:17:22.117000,LAT,0 days 00:02:35.788000,55,4,0 days 02:15:04.893000,0 days 02:17:20.486000,SOFT,1,4
0 days 02:19:40.931000,LAT,0 days 00:02:18.814000,56,5,0 days 02:17:34.743000,,SOFT,2,4
0 days 02:21:11.828000,LAT,0 days 00:01:30.897000,57,5,,,SOFT,3,4
0 days 02:22:30.067000,LAT,0 days 00:01:18.239000,58,5,,,SOFT,4,4
0 days 02:23:55.912000,LAT,0 days 00:01:25.845000,59,5,,,SOFT,5,4
0 days 02:25:17.344000,LAT,0 days 00:01:21.432000,60,5,,,SOFT,6,1
0 days 02:26:35.800000,LAT,0 days 00:01:18.456000,61,5,,,SOFT,7,1
0 days 02:27:51.866000,LAT,0 days 00:01:16.066000,62,5,,,SOFT,8,1
0 days 02:29:08.077000,LAT,0 days 00:01:16.211000,63,5,,,SOFT,9,1
0 days 02:30:24.460000,LAT,0 days 00:01:16.383000,64,5,,,SOFT,10,1
0 days 02:31:40.887000,LAT,0 days 00:01:16.427000,65,5,,,SOFT,11,1
0 days 02:32:57.221000,LAT,0 days 00:01:16.334000,66,5,,,SOFT,12,1
0 days 02:34:13.863000,LAT,0 days 00:01:16.642000,67,5,,,SOFT,13,1
0 days 02:35:30.355000,LAT,0 days 00:01:16.492000,68,5,,,SOFT,14,1
0 days 02:36:47.096000,LAT,0 days 00:01:16.741000,69,5,,,SOFT,15,1
0 days 02:38:04.193000,LAT,0 days 00:01:17.097000,70,5,,,SOFT,16,1
0 days 02:39:21.821000,LAT,0 days 00:01:17.628000,71,5,,,SOFT,17,1
0 days 01:03:21.880000,RUS,0 days 00:01:24.948000,1,1,0 days 00:23:51.432000,,MEDIUM,1,1
0 days 01:04:39.811000,RUS,0 days 00:01:17.931000,2,1,,,MEDIUM,2,2
0 days 01:05:57.018000,RUS,0 days 00:01:17.207000,3,1,,,MEDIUM,3,1
0 days 01:07:13.794000,RUS,0 days 00:01:16.776000,4,1,,,MEDIUM,4,2
0 days 01:08:30.447000,RUS,0 days 00:01:16.653000,5,1,,,MEDIUM,5,1
0 days 01:09:47.025000,RUS,0 days 00:01:16.578000,6,1,,,MEDIUM,6,1
0 days 01:11:03.803000,RUS,0 days 00:01:16.778000,7,1,,,MEDIUM,7,1
0 days 01:12:20.905000,RUS,0 days 00:01:17.102000,8,1,,,MEDIUM,8,1
0 days 01:13:38.081000,RUS,0 days 00:01:17.176000,9,1,,,MEDIUM,9,1
0 days 01:14:55.187000,RUS,0 days 00:01:17.106000,10,1,,,MEDIUM,10,1
0 days 01:16:12.415000,RUS,0 days 00:01:17.228000,11,1,,,MEDIUM,11,1
0 days 01:17:30.139000,RUS,0 days 00:01:17.724000,12,1,,,MEDIUM,12,1
0 days 01:18:47.078000,RUS,0 days 00:01:16.939000,13,1,,,MEDIUM,13,1
0 days 01:20:04.356000,RUS,0 days 00:01:17.278000,14,1,,,MEDIUM,14,1
0 days 01:21:21.241000,RUS,0 days 00:01:16.885000,15,1,,,MEDIUM,15,1
0 days 01:22:38.189000,RUS,0 days 00:01:16.948000,16,1,,,MEDIUM,16,1
0 days 01:23:55.198000,RUS,0 days 00:01:17.009000,17,1,,,MEDIUM,17,1
0 days 01:25:12.142000,RUS,0 days 00:01:16.944000,18,1,,,MEDIUM,18,1
0 days 01:26:29.187000,RUS,0 days 00:01:17.045000,19,1,,,MEDIUM,19,1
0 days 01:27:46.004000,RUS,0 days 00:01:16.817000,20,1,,,MEDIUM,20,1
0 days 01:29:02.832000,RUS,0 days 00:01:16.828000,21,1,,,MEDIUM,21,1
0 days 01:30:19.664000,RUS,0 days 00:01:16.832000,22,1,,,MEDIUM,22,1
0 days 01:31:36.457000,RUS,0 days 00:01:16.793000,23,1,,,MEDIUM,23,1
0 days 01:32:53.162000,RUS,0 days 00:01:16.705000,24,1,,,MEDIUM,24,1
0 days 01:34:09.838000,RUS,0 days 00:01:16.676000,25,1,,,MEDIUM,25,1
0 days 01:35:26.348000,RUS,0 days 00:01:16.510000,26,1,,,MEDIUM,26,1
0 days 01:36:42.962000,RUS,0 days 00:01:16.614000,27,1,,,MEDIUM,27,1
0 days 01:38:01.225000,RUS,0 days 00:01:18.263000,28,1,,,MEDIUM,28,1
0 days 01:39:18.495000,RUS,0 days 00:01:17.270000,29,1,,,MEDIUM,29,1
0 days 01:40:35.576000,RUS,0 days 00:01:17.081000,30,1,,,MEDIUM,30,1
0 days 01:41:55.366000,RUS,0 days 00:01:19.790000,31,1,,0 days 01:41:53.785000,MEDIUM,31,1
0 days 01:43:30.277000,RUS,0 days 00:01:34.911000,32,2,0 days 01:42:13.171000,,HARD,1,1
0 days 01:44:45.754000,RUS,0 days 00:01:15.477000,33,2,,,HARD,2,1
0 days 01:46:01.234000,RUS,0 days 00:01:15.480000,34,2,,,HARD,3,1
0 days 01:47:16.656000,RUS,0 days 00:01:15.422000,35,2,,,HARD,4,1
0 days 01:48:32.591000,RUS,0 days 00:01:15.935000,36,2,,,HARD,5,1
0 days 01:49:48.694000,RUS,0 days 00:01:16.103000,37,2,,,HARD,6,1
0 days 01:51:04.638000,RUS,0 days 00:01:15.944000,38,2,,,HARD,7,1
0 days 01:52:20.111000,RUS,0 days 00:01:15.473000,39,2,,,HARD,8,1
0 days 01:53:35.743000,RUS,0 days 00:01:15.632000,40,2,,,HARD,9,1
0 days 01:54:50.874000,RUS,0 days 00:01:15.131000,41,2,,,HARD,10,1
0 days 01:56:06.455000,RUS,0 days 00:01:15.581000,42,2,,,HARD,11,1
0 days 01:57:21.727000,RUS,0 days 00:01:15.272000,43,2,,,HARD,12,1
0 days 01:58:37.098000,RUS,0 days 00:01:15.371000,44,2,,,HARD,13,2
0 days 01:59:52.599000,RUS,0 days 00:01:15.501000,45,2,,,HARD,14,2
0 days 02:01:07.755000,RUS,0 days 00:01:15.156000,46,2,,,HARD,15,1
0 days 02:02:22.705000,RUS,0 days 00:01:14.950000,47,2,,,HARD,16,2
0 days 02:04:10.276000,RUS,0 days 00:01:47.571000,48,2,,0 days 02:04:08.239000,HARD,17,26
0 days 02:06:09.145000,RUS,0 days 00:01:58.869000,49,3,0 days 02:04:29.023000,,MEDIUM,1,67
0 days 02:07:26.304000,RUS,0 days 00:01:17.159000,50,3,,,MEDIUM,2,7
0 days 02:08:40.527000,RUS,0 days 00:01:14.223000,51,3,,,MEDIUM,3,1
0 days 02:09:54.853000,RUS,0 days 00:01:14.326000,52,3,,,MEDIUM,4,1
0 days 02:11:08.800000,RUS,0 days 00:01:13.947000,53,3,,,MEDIUM,5,1
0 days 02:12:22.882000,RUS,0 days 00:01:14.082000,54,3,,,MEDIUM,6,1
0 days 02:13:37.483000,RUS,0 days 00:01:14.601000,55,3,,,MEDIUM,7,2
0 days 02:15:04.632000,RUS,0 days 00:01:27.149000,56,3,,,MEDIUM,8,24
0 days 02:17:23.512000,RUS,0 days 00:02:18.880000,57,3,,0 days 02:17:21.953000,MEDIUM,9,4
0 days 02:19:45.494000,RUS,0 days 00:02:21.982000,58,4,0 days 02:17:43.282000,,SOFT,3,4
0 days 02:21:50.964000,RUS,0 days 00:02:05.470000,59,4,,,SOFT,4,4
0 days 02:23:51.872000,RUS,0 days 00:02:00.908000,60,4,,,SOFT,5,4
0 days 02:25:07.121000,RUS,0 days 00:01:15.249000,61,4,,,SOFT,6,1
0 days 02:26:21.326000,RUS,0 days 00:01:14.205000,62,4,,,SOFT,7,1
0 days 02:27:35.271000,RUS,0 days 00:01:13.945000,63,4,,,SOFT,8,1
0 days 02:28:49.281000,RUS,0 days 00:01:14.010000,64,4,,,SOFT,9,1
0 days 02:30:03.198000,RUS,0 days 00:01:13.917000,65,4,,,SOFT,10,1
0 days 02:31:17.406000,RUS,0 days 00:01:14.208000,66,4,,,SOFT,11,1
0 days 02:32:31.443000,RUS,0 days 00:01:14.037000,67,4,,,SOFT,12,1
0 days 02:33:45.637000,RUS,0 days 00:01:14.194000,68,4,,,SOFT,13,1
0 days 02:35:00.029000,RUS,0 days 00:01:14.392000,69,4,,,SOFT,14,1
0 days 02:36:14.570000,RUS,0 days 00:01:14.541000,70,4,,,SOFT,15,1
0 days 02:37:30.105000,RUS,0 days 00:01:15.535000,71,4,,,SOFT,16,1
0 days 02:38:43.776000,RUS,0 days 00:01:13.671000,72,4,,,SOFT,17,1
0 days 01:03:27.317000,BOT,0 days 00:01:30.385000,1,1,0 days 00:23:01.372000,,SOFT,1,1
0 days 01:04:46.849000,BOT,0 days 00:01:19.532000,2,1,,,SOFT,2,2
0 days 01:06:05.787000,BOT,0 days 00:01:18.938000,3,1,,,SOFT,3,1
0 days 01:07:24.085000,BOT,0 days 00:01:18.298000,4,1,,,SOFT,4,2
0 days 01:08:42.736000,BOT,0 days 00:01:18.651000,5,1,,,SOFT,5,1
0 days 01:10:00.870000,BOT,0 days 00:01:18.134000,6,1,,,SOFT,6,1
0 days 01:11:18.991000,BOT,0 days 00:01:18.121000,7,1,,,SOFT,7,1
0 days 01:12:36.880000,BOT,0 days 00:01:17.889000,8,1,,,SOFT,8,1
0 days 01:13:55.442000,BOT,0 days 00:01:18.562000,9,1,,,SOFT,9,1
0 days 01:15:13.792000,BOT,0 days 00:01:18.350000,10,1,,,SOFT,10,1
0 days 01:16:32.317000,BOT,0 days 00:01:18.525000,11,1,,,SOFT,11,1
0 days 01:17:50.392000,BOT,0 days 00:01:18.075000,12,1,,,SOFT,12,1
0 days 01:19:08.735000,BOT,0 days 00:01:18.343000,13,1,,,SOFT,13,1
0 days 01:20:27.324000,BOT,0 days 00:01:18.589000,14,1,,,SOFT,14,1
0 days 01:21:45.638000,BOT,0 days 00:01:18.314000,15,1,,,SOFT,15,1
0 days 01:23:07.093000,BOT,0 days 00:01:21.455000,16,1,,0 days 01:23:05.503000,SOFT,16,1
0 days 01:24:43.701000,BOT,0 days 00:01:36.608000,17,2,0 days 01:23:25.227000,,SOFT,1,1
0 days 01:26:01.889000,BOT,0 days 00:01:18.188000,18,2,,,SOFT,2,1
0 days 01:27:18.947000,BOT,0 days 00:01:17.058000,19,2,,,SOFT,3,1
0 days 01:28:36.203000,BOT,0 days 00:01:17.256000,20,2,,,SOFT,4,1
0 days 01:29:53.349000,BOT,0 days 00:01:17.146000,21,2,,,SOFT,5,1
0 days 01:31:10.485000,BOT,0 days 00:01:17.136000,22,2,,,SOFT,6,1
0 days 01:32:27.648000,BOT,0 days 00:01:17.163000,23,2,,,SOFT,7,1
0 days 01:33:44.746000,BOT,0 days 00:01:17.098000,24,2,,,SOFT,8,1
0 days 01:35:02.217000,BOT,0 days 00:01:17.471000,25,2,,,SOFT,9,1
0 days 01:36:19.743000,BOT,0 days 00:01:17.526000,26,2,,,SOFT,10,1
0 days 01:37:37.606000,BOT,0 days 00:01:17.863000,27,2,,,SOFT,11,1
0 days 01:38:55.430000,BOT,0 days 00:01:17.824000,28,2,,,SOFT,12,1
0 days 01:40:12.672000,BOT,0 days 00:01:17.242000,29,2,,,SOFT,13,1
0 days 01:41:30.242000,BOT,0 days 00:01:17.570000,30,2,,,SOFT,14,1
0 days 01:42:49.101000,BOT,0 days 00:01:18.859000,31,2,,,SOFT,15,1
0 days 01:44:06.492000,BOT,0 days 00:01:17.391000,32,2,,,SOFT,16,1
0 days 01:45:23.637000,BOT,0 days 00:01:17.145000,33,2,,,SOFT,17,1
0 days 01:46:43.929000,BOT,0 days 00:01:20.292000,34,2,,0 days 01:46:42.341000,SOFT,18,1
0 days 01:48:21.404000,BOT,0 days 00:01:37.475000,35,3,0 days 01:47:03.388000,,MEDIUM,1,1
0 days 01:49:38.480000,BOT,0 days 00:01:17.076000,36,3,,,MEDIUM,2,1
0 days 01:50:55.485000,BOT,0 days 00:01:17.005000,37,3,,,MEDIUM,3,1
0 days 01:52:12.526000,BOT,0 days 00:01:17.041000,38,3,,,MEDIUM,4,1
0 days 01:53:29.452000,BOT,0 days 00:01:16.926000,39,3,,,MEDIUM,5,1
0 days 01:54:46.763000,BOT,0 days 00:01:17.311000,40,3,,,MEDIUM,6,1
0 days 01:56:05.697000,BOT,0 days 00:01:18.934000,41,3,,,MEDIUM,7,1
0 days 01:57:24.020000,BOT,0 days 00:01:18.323000,42,3,,,MEDIUM,8,1
0 days 01:58:42.070000,BOT,0 days 00:01:18.050000,43,3,,,MEDIUM,9,2
0 days 01:59:59.610000,BOT,0 days 00:01:17.540000,44,3,,,MEDIUM,10,2
0 days 02:01:16.741000,BOT,0 days 00:01:17.131000,45,3,,,MEDIUM,11,1
0 days 02:02:37.915000,BOT,0 days 00:01:21.174000,46,3,,,MEDIUM,12,26
0 days 02:04:21.666000,BOT,0 days 00:01:43.751000,47,3,,,MEDIUM,13,6
0 days 02:06:04.270000,BOT,0 days 00:01:42.604000,48,3,,,MEDIUM,14,67
0 days 02:07:25.585000,BOT,0 days 00:01:21.315000,49,3,,,MEDIUM,15,7
0 days 02:08:43.815000,BOT,0 days 00:01:18.230000,50,3,,,MEDIUM,16,1
0 days 02:10:00.659000,BOT,0 days 00:01:16.844000,51,3,,,MEDIUM,17,1
0 days 02:11:17.909000,BOT,0 days 00:01:17.250000,52,3,,,MEDIUM,18,1
0 days 02:12:37.408000,BOT,0 days 00:01:19.499000,53,3,,,MEDIUM,19,1