Record Length,2.50E+03,,-0.000025,-0.206
Sample Interval,2.00E-08,,-0.00002498,-0.204
Trigger Point,1.25E+03,,-0.00002496,-0.204
Source,CH1,,-0.00002494,-0.198
Vertical Units,V,,-0.00002492,-0.198
Vertical Scale,5.00E-02,,-0.0000249,-0.2
Vertical Offset,0.00E+00,,-0.00002488,-0.192
Horizontal Units,s,,-0.00002486,-0.196
Horizontal Scale,5.00E-06,,-0.00002484,-0.192
Pt Fmt,Y,,-0.00002482,-0.194
Yzero,0.00E+00,,-0.0000248,-0.194
Probe Atten,1.00E+00,,-0.00002478,-0.188
Model Number,TDS2012C,,-0.00002476,-0.188
Serial Number,C011240,,-0.00002474,-0.186
Firmware Version,FV:v24.09,,-0.00002472,-0.184
,,,-0.0000247,-0.184
,,,-0.00002468,-0.18
,,,-0.00002466,-0.18
,,,-0.00002464,-0.178
,,,-0.00002462,-0.178
,,,-0.0000246,-0.18
,,,-0.00002458,-0.176
,,,-0.00002456,-0.176
,,,-0.00002454,-0.172
,,,-0.00002452,-0.17
,,,-0.0000245,-0.172
,,,-0.00002448,-0.168
,,,-0.00002446,-0.168
,,,-0.00002444,-0.164
,,,-0.00002442,-0.168
,,,-0.0000244,-0.162
,,,-0.00002438,-0.16
,,,-0.00002436,-0.164
,,,-0.00002434,-0.16
,,,-0.00002432,-0.164
,,,-0.0000243,-0.162
,,,-0.00002428,-0.158
,,,-0.00002426,-0.16
,,,-0.00002424,-0.158
,,,-0.00002422,-0.154
,,,-0.0000242,-0.154
,,,-0.00002418,-0.156
,,,-0.00002416,-0.154
,,,-0.00002414,-0.154
,,,-0.00002412,-0.154
,,,-0.0000241,-0.154
,,,-0.00002408,-0.15
,,,-0.00002406,-0.152
,,,-0.00002404,-0.146
,,,-0.00002402,-0.146
,,,-0.000024,-0.146
,,,-0.00002398,-0.148
,,,-0.00002396,-0.148
,,,-0.00002394,-0.148
,,,-0.00002392,-0.146
,,,-0.0000239,-0.142
,,,-0.00002388,-0.144
,,,-0.00002386,-0.142
,,,-0.00002384,-0.142
,,,-0.00002382,-0.144
,,,-0.0000238,-0.142
,,,-0.00002378,-0.142
,,,-0.00002376,-0.144
,,,-0.00002374,-0.14
,,,-0.00002372,-0.14
,,,-0.0000237,-0.138
,,,-0.00002368,-0.138
,,,-0.00002366,-0.138
,,,-0.00002364,-0.136
,,,-0.00002362,-0.14
,,,-0.0000236,-0.138
,,,-0.00002358,-0.136
,,,-0.00002356,-0.138
,,,-0.00002354,-0.136
,,,-0.00002352,-0.138
,,,-0.0000235,-0.138
,,,-0.00002348,-0.136
,,,-0.00002346,-0.138
,,,-0.00002344,-0.138
,,,-0.00002342,-0.14
,,,-0.0000234,-0.138
,,,-0.00002338,-0.138
,,,-0.00002336,-0.138
,,,-0.00002334,-0.138
,,,-0.00002332,-0.138
,,,-0.0000233,-0.142
,,,-0.00002328,-0.138
,,,-0.00002326,-0.136
,,,-0.00002324,-0.134
,,,-0.00002322,-0.136
,,,-0.0000232,-0.132
,,,-0.00002318,-0.136
,,,-0.00002316,-0.134
,,,-0.00002314,-0.136
,,,-0.00002312,-0.136
,,,-0.0000231,-0.134
,,,-0.00002308,-0.132
,,,-0.00002306,-0.13
,,,-0.00002304,-0.128
,,,-0.00002302,-0.13
,,,-0.000023,-0.128
,,,-0.00002298,-0.128
,,,-0.00002296,-0.13
,,,-0.00002294,-0.128
,,,-0.00002292,-0.128
,,,-0.0000229,-0.126
,,,-0.00002288,-0.128
,,,-0.00002286,-0.126
,,,-0.00002284,-0.13
,,,-0.00002282,-0.132
,,,-0.0000228,-0.13
,,,-0.00002278,-0.132
,,,-0.00002276,-0.128
,,,-0.00002274,-0.13
,,,-0.00002272,-0.13
,,,-0.0000227,-0.126
,,,-0.00002268,-0.128
,,,-0.00002266,-0.128
,,,-0.00002264,-0.128
,,,-0.00002262,-0.13
,,,-0.0000226,-0.132
,,,-0.00002258,-0.13
,,,-0.00002256,-0.126
,,,-0.00002254,-0.126
,,,-0.00002252,-0.128
,,,-0.0000225,-0.13
,,,-0.00002248,-0.128
,,,-0.00002246,-0.128
,,,-0.00002244,-0.128
,,,-0.00002242,-0.128
,,,-0.0000224,-0.128
,,,-0.00002238,-0.124
,,,-0.00002236,-0.126
,,,-0.00002234,-0.13
,,,-0.00002232,-0.128
,,,-0.0000223,-0.13
,,,-0.00002228,-0.132
,,,-0.00002226,-0.128
,,,-0.00002224,-0.128
,,,-0.00002222,-0.124
,,,-0.0000222,-0.126
,,,-0.00002218,-0.126
,,,-0.00002216,-0.126
,,,-0.00002214,-0.126
,,,-0.00002212,-0.126
,,,-0.0000221,-0.128
,,,-0.00002208,-0.128
,,,-0.00002206,-0.126
,,,-0.00002204,-0.126
,,,-0.00002202,-0.128
,,,-0.000022,-0.13
,,,-0.00002198,-0.13
,,,-0.00002196,-0.13
,,,-0.00002194,-0.128
,,,-0.00002192,-0.126
,,,-0.0000219,-0.128
,,,-0.00002188,-0.126
,,,-0.00002186,-0.124
,,,-0.00002184,-0.126
,,,-0.00002182,-0.126
,,,-0.0000218,-0.126
,,,-0.00002178,-0.128
,,,-0.00002176,-0.124
,,,-0.00002174,-0.126
,,,-0.00002172,-0.126
,,,-0.0000217,-0.128
,,,-0.00002168,-0.128
,,,-0.00002166,-0.126
,,,-0.00002164,-0.128
,,,-0.00002162,-0.13
,,,-0.0000216,-0.13
,,,-0.00002158,-0.132
,,,-0.00002156,-0.128
,,,-0.00002154,-0.128
,,,-0.00002152,-0.128
,,,-0.0000215,-0.128
,,,-0.00002148,-0.128
,,,-0.00002146,-0.13
,,,-0.00002144,-0.128
,,,-0.00002142,-0.126
,,,-0.0000214,-0.128
,,,-0.00002138,-0.124
,,,-0.00002136,-0.126
,,,-0.00002134,-0.126
,,,-0.00002132,-0.128
,,,-0.0000213,-0.126
,,,-0.00002128,-0.126
,,,-0.00002126,-0.126
,,,-0.00002124,-0.128
,,,-0.00002122,-0.128
,,,-0.0000212,-0.122
,,,-0.00002118,-0.124
,,,-0.00002116,-0.122
,,,-0.00002114,-0.126
,,,-0.00002112,-0.124
,,,-0.0000211,-0.12
,,,-0.00002108,-0.124
,,,-0.00002106,-0.122
,,,-0.00002104,-0.122
,,,-0.00002102,-0.124
,,,-0.000021,-0.122
,,,-0.00002098,-0.124
,,,-0.00002096,-0.126
,,,-0.00002094,-0.128
,,,-0.00002092,-0.124
,,,-0.0000209,-0.124
,,,-0.00002088,-0.126
,,,-0.00002086,-0.126
,,,-0.00002084,-0.128
,,,-0.00002082,-0.126
,,,-0.0000208,-0.128
,,,-0.00002078,-0.126
,,,-0.00002076,-0.13
,,,-0.00002074,-0.128
,,,-0.00002072,-0.126
,,,-0.0000207,-0.126
,,,-0.00002068,-0.128
,,,-0.00002066,-0.13
,,,-0.00002064,-0.132
,,,-0.00002062,-0.128
,,,-0.0000206,-0.132
,,,-0.00002058,-0.128
,,,-0.00002056,-0.124
,,,-0.00002054,-0.124
,,,-0.00002052,-0.126
,,,-0.0000205,-0.124
,,,-0.00002048,-0.122
,,,-0.00002046,-0.124
,,,-0.00002044,-0.124
,,,-0.00002042,-0.122
,,,-0.0000204,-0.122
,,,-0.00002038,-0.122
,,,-0.00002036,-0.122
,,,-0.00002034,-0.122
,,,-0.00002032,-0.124
,,,-0.0000203,-0.122
,,,-0.00002028,-0.126
,,,-0.00002026,-0.124
,,,-0.00002024,-0.122
,,,-0.00002022,-0.12
,,,-0.0000202,-0.122
,,,-0.00002018,-0.124
,,,-0.00002016,-0.126
,,,-0.00002014,-0.126
,,,-0.00002012,-0.128
,,,-0.0000201,-0.126
,,,-0.00002008,-0.128
,,,-0.00002006,-0.124
,,,-0.00002004,-0.126
,,,-0.00002002,-0.124
,,,-0.00002,-0.128
,,,-0.00001998,-0.126
,,,-0.00001996,-0.126
,,,-0.00001994,-0.122
,,,-0.00001992,-0.128
,,,-0.0000199,-0.124
,,,-0.00001988,-0.124
,,,-0.00001986,-0.124
,,,-0.00001984,-0.124
,,,-0.00001982,-0.124
,,,-0.0000198,-0.128
,,,-0.00001978,-0.122
,,,-0.00001976,-0.124
,,,-0.00001974,-0.122
,,,-0.00001972,-0.122
,,,-0.0000197,-0.124
,,,-0.00001968,-0.126
,,,-0.00001966,-0.126
,,,-0.00001964,-0.126
,,,-0.00001962,-0.124
,,,-0.0000196,-0.126
,,,-0.00001958,-0.126
,,,-0.00001956,-0.128
,,,-0.00001954,-0.124
,,,-0.00001952,-0.124
,,,-0.0000195,-0.124
,,,-0.00001948,-0.126
,,,-0.00001946,-0.126
,,,-0.00001944,-0.124
,,,-0.00001942,-0.126
,,,-0.0000194,-0.124
,,,-0.00001938,-0.122
,,,-0.00001936,-0.126
,,,-0.00001934,-0.126
,,,-0.00001932,-0.128
,,,-0.0000193,-0.128
,,,-0.00001928,-0.124
,,,-0.00001926,-0.126
,,,-0.00001924,-0.128
,,,-0.00001922,-0.126
,,,-0.0000192,-0.124
,,,-0.00001918,-0.124
,,,-0.00001916,-0.126
,,,-0.00001914,-0.126
,,,-0.00001912,-0.126
,,,-0.0000191,-0.126
,,,-0.00001908,-0.124
,,,-0.00001906,-0.124
,,,-0.00001904,-0.122
,,,-0.00001902,-0.124
,,,-0.000019,-0.128
,,,-0.00001898,-0.124
,,,-0.00001896,-0.13
,,,-0.00001894,-0.128
,,,-0.00001892,-0.126
,,,-0.0000189,-0.126
,,,-0.00001888,-0.124
,,,-0.00001886,-0.124
,,,-0.00001884,-0.126
,,,-0.00001882,-0.126
,,,-0.0000188,-0.126
,,,-0.00001878,-0.126
,,,-0.00001876,-0.124
,,,-0.00001874,-0.124
,,,-0.00001872,-0.124
,,,-0.0000187,-0.124
,,,-0.00001868,-0.124
,,,-0.00001866,-0.124
,,,-0.00001864,-0.124
,,,-0.00001862,-0.126
,,,-0.0000186,-0.124
,,,-0.00001858,-0.122
,,,-0.00001856,-0.122
,,,-0.00001854,-0.122
,,,-0.00001852,-0.124
,,,-0.0000185,-0.124
,,,-0.00001848,-0.128
,,,-0.00001846,-0.126
,,,-0.00001844,-0.126
,,,-0.00001842,-0.128
,,,-0.0000184,-0.124
,,,-0.00001838,-0.124
,,,-0.00001836,-0.124
,,,-0.00001834,-0.126
,,,-0.00001832,-0.124
,,,-0.0000183,-0.128
,,,-0.00001828,-0.124
,,,-0.00001826,-0.124
,,,-0.00001824,-0.126
,,,-0.00001822,-0.124
,,,-0.0000182,-0.124
,,,-0.00001818,-0.126
,,,-0.00001816,-0.126
,,,-0.00001814,-0.126
,,,-0.00001812,-0.128
,,,-0.0000181,-0.126
,,,-0.00001808,-0.128
,,,-0.00001806,-0.124
,,,-0.00001804,-0.122
,,,-0.00001802,-0.126
,,,-0.000018,-0.124
,,,-0.00001798,-0.126
,,,-0.00001796,-0.122
,,,-0.00001794,-0.126
,,,-0.00001792,-0.126
,,,-0.0000179,-0.126
,,,-0.00001788,-0.124
,,,-0.00001786,-0.124
,,,-0.00001784,-0.126
,,,-0.00001782,-0.126
,,,-0.0000178,-0.126
,,,-0.00001778,-0.128
,,,-0.00001776,-0.124
,,,-0.00001774,-0.13
,,,-0.00001772,-0.126
,,,-0.0000177,-0.124
,,,-0.00001768,-0.126
,,,-0.00001766,-0.126
,,,-0.00001764,-0.128
,,,-0.00001762,-0.13
,,,-0.0000176,-0.126
,,,-0.00001758,-0.128
,,,-0.00001756,-0.126
,,,-0.00001754,-0.122
,,,-0.00001752,-0.124
,,,-0.0000175,-0.126
,,,-0.00001748,-0.128
,,,-0.00001746,-0.126
,,,-0.00001744,-0.126
,,,-0.00001742,-0.126
,,,-0.0000174,-0.124
,,,-0.00001738,-0.122
,,,-0.00001736,-0.124
,,,-0.00001734,-0.126
,,,-0.00001732,-0.126
,,,-0.0000173,-0.124
,,,-0.00001728,-0.126
,,,-0.00001726,-0.124
,,,-0.00001724,-0.126
,,,-0.00001722,-0.122
,,,-0.0000172,-0.124
,,,-0.00001718,-0.122
,,,-0.00001716,-0.124
,,,-0.00001714,-0.124
,,,-0.00001712,-0.126
,,,-0.0000171,-0.124
,,,-0.00001708,-0.124
,,,-0.00001706,-0.124
,,,-0.00001704,-0.12
,,,-0.00001702,-0.124
,,,-0.000017,-0.124
,,,-0.00001698,-0.126
,,,-0.00001696,-0.128
,,,-0.00001694,-0.126
,,,-0.00001692,-0.128
,,,-0.0000169,-0.126
,,,-0.00001688,-0.126
,,,-0.00001686,-0.124
,,,-0.00001684,-0.124
,,,-0.00001682,-0.128
,,,-0.0000168,-0.128
,,,-0.00001678,-0.128
,,,-0.00001676,-0.126
,,,-0.00001674,-0.126
,,,-0.00001672,-0.126
,,,-0.0000167,-0.126
,,,-0.00001668,-0.128
,,,-0.00001666,-0.128
,,,-0.00001664,-0.126
,,,-0.00001662,-0.126
,,,-0.0000166,-0.126
,,,-0.00001658,-0.128
,,,-0.00001656,-0.126
,,,-0.00001654,-0.122
,,,-0.00001652,-0.122
,,,-0.0000165,-0.126
,,,-0.00001648,-0.124
,,,-0.00001646,-0.124
,,,-0.00001644,-0.126
,,,-0.00001642,-0.126
,,,-0.0000164,-0.124
,,,-0.00001638,-0.124
,,,-0.00001636,-0.128
,,,-0.00001634,-0.128
,,,-0.00001632,-0.126
,,,-0.0000163,-0.128
,,,-0.00001628,-0.126
,,,-0.00001626,-0.126
,,,-0.00001624,-0.126
,,,-0.00001622,-0.124
,,,-0.0000162,-0.126
,,,-0.00001618,-0.128
,,,-0.00001616,-0.126
,,,-0.00001614,-0.13
,,,-0.00001612,-0.128
,,,-0.0000161,-0.13
,,,-0.00001608,-0.126
,,,-0.00001606,-0.126
,,,-0.00001604,-0.122
,,,-0.00001602,-0.126
,,,-0.000016,-0.126
,,,-0.00001598,-0.122
,,,-0.00001596,-0.128
,,,-0.00001594,-0.126
,,,-0.00001592,-0.126
,,,-0.0000159,-0.124
,,,-0.00001588,-0.12
,,,-0.00001586,-0.122
,,,-0.00001584,-0.124
,,,-0.00001582,-0.124
,,,-0.0000158,-0.126
,,,-0.00001578,-0.126
,,,-0.00001576,-0.124
,,,-0.00001574,-0.124
,,,-0.00001572,-0.122
,,,-0.0000157,-0.124
,,,-0.00001568,-0.126
,,,-0.00001566,-0.126
,,,-0.00001564,-0.128
,,,-0.00001562,-0.126
,,,-0.0000156,-0.126
,,,-0.00001558,-0.124
,,,-0.00001556,-0.124
,,,-0.00001554,-0.122
,,,-0.00001552,-0.124
,,,-0.0000155,-0.124
,,,-0.00001548,-0.12
,,,-0.00001546,-0.126
,,,-0.00001544,-0.124
,,,-0.00001542,-0.124
,,,-0.0000154,-0.124
,,,-0.00001538,-0.12
,,,-0.00001536,-0.12
,,,-0.00001534,-0.122
,,,-0.00001532,-0.122
,,,-0.0000153,-0.126
,,,-0.00001528,-0.124
,,,-0.00001526,-0.124
,,,-0.00001524,-0.124
,,,-0.00001522,-0.122
,,,-0.0000152,-0.126
,,,-0.00001518,-0.124
,,,-0.00001516,-0.124
,,,-0.00001514,-0.124
,,,-0.00001512,-0.124
,,,-0.0000151,-0.124
,,,-0.00001508,-0.124
,,,-0.00001506,-0.124
,,,-0.00001504,-0.122
,,,-0.00001502,-0.12
,,,-0.000015,-0.126
,,,-0.00001498,-0.126
,,,-0.00001496,-0.124
,,,-0.00001494,-0.124
,,,-0.00001492,-0.124
,,,-0.0000149,-0.122
,,,-0.00001488,-0.12
,,,-0.00001486,-0.122
,,,-0.00001484,-0.124
,,,-0.00001482,-0.124
,,,-0.0000148,-0.126
,,,-0.00001478,-0.126
,,,-0.00001476,-0.126
,,,-0.00001474,-0.122
,,,-0.00001472,-0.126
,,,-0.0000147,-0.122
,,,-0.00001468,-0.128
,,,-0.00001466,-0.126
,,,-0.00001464,-0.128
,,,-0.00001462,-0.128
,,,-0.0000146,-0.128
,,,-0.00001458,-0.13
,,,-0.00001456,-0.126
,,,-0.00001454,-0.126
,,,-0.00001452,-0.126
,,,-0.0000145,-0.126
,,,-0.00001448,-0.128
,,,-0.00001446,-0.128
,,,-0.00001444,-0.126
,,,-0.00001442,-0.128
,,,-0.0000144,-0.124
,,,-0.00001438,-0.126
,,,-0.00001436,-0.126
,,,-0.00001434,-0.128
,,,-0.00001432,-0.128
,,,-0.0000143,-0.128
,,,-0.00001428,-0.13
,,,-0.00001426,-0.13
,,,-0.00001424,-0.128
,,,-0.00001422,-0.126
,,,-0.0000142,-0.122
,,,-0.00001418,-0.124
,,,-0.00001416,-0.124
,,,-0.00001414,-0.126
,,,-0.00001412,-0.126
,,,-0.0000141,-0.128
,,,-0.00001408,-0.124
,,,-0.00001406,-0.124
,,,-0.00001404,-0.124
,,,-0.00001402,-0.124
,,,-0.000014,-0.122
,,,-0.00001398,-0.126
,,,-0.00001396,-0.128
,,,-0.00001394,-0.126
,,,-0.00001392,-0.124
,,,-0.0000139,-0.124
,,,-0.00001388,-0.122
,,,-0.00001386,-0.124
,,,-0.00001384,-0.124
,,,-0.00001382,-0.124
,,,-0.0000138,-0.126
,,,-0.00001378,-0.126
,,,-0.00001376,-0.128
,,,-0.00001374,-0.124
,,,-0.00001372,-0.122
,,,-0.0000137,-0.12
,,,-0.00001368,-0.12
,,,-0.00001366,-0.126
,,,-0.00001364,-0.12
,,,-0.00001362,-0.124
,,,-0.0000136,-0.12
,,,-0.00001358,-0.124
,,,-0.00001356,-0.12
,,,-0.00001354,-0.12
,,,-0.00001352,-0.124
,,,-0.0000135,-0.12
,,,-0.00001348,-0.122
,,,-0.00001346,-0.124
,,,-0.00001344,-0.124
,,,-0.00001342,-0.126
,,,-0.0000134,-0.124
,,,-0.00001338,-0.122
,,,-0.00001336,-0.122
,,,-0.00001334,-0.126
,,,-0.00001332,-0.124
,,,-0.0000133,-0.126
,,,-0.00001328,-0.126
,,,-0.00001326,-0.126
,,,-0.00001324,-0.124
,,,-0.00001322,-0.122
,,,-0.0000132,-0.124
,,,-0.00001318,-0.124
,,,-0.00001316,-0.124
,,,-0.00001314,-0.128
,,,-0.00001312,-0.13
,,,-0.0000131,-0.126
,,,-0.00001308,-0.126
,,,-0.00001306,-0.128
,,,-0.00001304,-0.126
,,,-0.00001302,-0.126
,,,-0.000013,-0.126
,,,-0.00001298,-0.128
,,,-0.00001296,-0.13
,,,-0.00001294,-0.128
,,,-0.00001292,-0.128
,,,-0.0000129,-0.124
,,,-0.00001288,-0.122
,,,-0.00001286,-0.12
,,,-0.00001284,-0.122
,,,-0.00001282,-0.124
,,,-0.0000128,-0.12
,,,-0.00001278,-0.12
,,,-0.00001276,-0.116
,,,-0.00001274,-0.116
,,,-0.00001272,-0.116
,,,-0.0000127,-0.114
,,,-0.00001268,-0.114
,,,-0.00001266,-0.114
,,,-0.00001264,-0.11
,,,-0.00001262,-0.11
,,,-0.0000126,-0.11
,,,-0.00001258,-0.104
,,,-0.00001256,-0.102
,,,-0.00001254,-0.1
,,,-0.00001252,-0.098
,,,-0.0000125,-0.1
,,,-0.00001248,-0.098
,,,-0.00001246,-0.096
,,,-0.00001244,-0.094
,,,-0.00001242,-0.094
,,,-0.0000124,-0.09
,,,-0.00001238,-0.086
,,,-0.00001236,-0.086
,,,-0.00001234,-0.084
,,,-0.00001232,-0.082
,,,-0.0000123,-0.084
,,,-0.00001228,-0.082
,,,-0.00001226,-0.08
,,,-0.00001224,-0.08
,,,-0.00001222,-0.078
,,,-0.0000122,-0.074
,,,-0.00001218,-0.076
,,,-0.00001216,-0.072
,,,-0.00001214,-0.072
,,,-0.00001212,-0.074
,,,-0.0000121,-0.07
,,,-0.00001208,-0.07
,,,-0.00001206,-0.066
,,,-0.00001204,-0.068
,,,-0.00001202,-0.066
,,,-0.000012,-0.068
,,,-0.00001198,-0.066
,,,-0.00001196,-0.066
,,,-0.00001194,-0.064
,,,-0.00001192,-0.064
,,,-0.0000119,-0.06
,,,-0.00001188,-0.058
,,,-0.00001186,-0.054
,,,-0.00001184,-0.058
,,,-0.00001182,-0.058
,,,-0.0000118,-0.058
,,,-0.00001178,-0.056
,,,-0.00001176,-0.054
,,,-0.00001174,-0.05
,,,-0.00001172,-0.048
,,,-0.0000117,-0.048
,,,-0.00001168,-0.05
,,,-0.00001166,-0.046
,,,-0.00001164,-0.048
,,,-0.00001162,-0.046
,,,-0.0000116,-0.044
,,,-0.00001158,-0.046
,,,-0.00001156,-0.042
,,,-0.00001154,-0.04
,,,-0.00001152,-0.04
,,,-0.0000115,-0.044
,,,-0.00001148,-0.04
,,,-0.00001146,-0.042
,,,-0.00001144,-0.042
,,,-0.00001142,-0.04
,,,-0.0000114,-0.04
,,,-0.00001138,-0.036
,,,-0.00001136,-0.034
,,,-0.00001134,-0.036
,,,-0.00001132,-0.036
,,,-0.0000113,-0.038
,,,-0.00001128,-0.032
,,,-0.00001126,-0.034
,,,-0.00001124,-0.032
,,,-0.00001122,-0.034
,,,-0.0000112,-0.034
,,,-0.00001118,-0.036
,,,-0.00001116,-0.032
,,,-0.00001114,-0.032
,,,-0.00001112,-0.036
,,,-0.0000111,-0.034
,,,-0.00001108,-0.034
,,,-0.00001106,-0.03
,,,-0.00001104,-0.03
,,,-0.00001102,-0.03
,,,-0.000011,-0.032
,,,-0.00001098,-0.03
,,,-0.00001096,-0.03
,,,-0.00001094,-0.032
,,,-0.00001092,-0.03
,,,-0.0000109,-0.032
,,,-0.00001088,-0.026
,,,-0.00001086,-0.028
,,,-0.00001084,-0.03
,,,-0.00001082,-0.03
,,,-0.0000108,-0.03
,,,-0.00001078,-0.028
,,,-0.00001076,-0.03
,,,-0.00001074,-0.026
,,,-0.00001072,-0.024
,,,-0.0000107,-0.022
,,,-0.00001068,-0.026
,,,-0.00001066,-0.022
,,,-0.00001064,-0.026
,,,-0.00001062,-0.024
,,,-0.0000106,-0.024
,,,-0.00001058,-0.02
,,,-0.00001056,-0.024
,,,-0.00001054,-0.024
,,,-0.00001052,-0.022
,,,-0.0000105,-0.024
,,,-0.00001048,-0.022
,,,-0.00001046,-0.024
,,,-0.00001044,-0.022
,,,-0.00001042,-0.024
,,,-0.0000104,-0.024
,,,-0.00001038,-0.018
,,,-0.00001036,-0.024
,,,-0.00001034,-0.024
,,,-0.00001032,-0.024
,,,-0.0000103,-0.026
,,,-0.00001028,-0.024
,,,-0.00001026,-0.02
,,,-0.00001024,-0.022
,,,-0.00001022,-0.02
,,,-0.0000102,-0.018
,,,-0.00001018,-0.018
,,,-0.00001016,-0.022
,,,-0.00001014,-0.02
,,,-0.00001012,-0.022
,,,-0.0000101,-0.02
,,,-0.00001008,-0.018
,,,-0.00001006,-0.018
,,,-0.00001004,-0.02
,,,-0.00001002,-0.02
,,,-0.00001,-0.022
,,,-0.00000998,-0.022
,,,-0.00000996,-0.022
,,,-0.00000994,-0.022
,,,-0.00000992,-0.022
,,,-0.0000099,-0.022
,,,-0.00000988,-0.018
,,,-0.00000986,-0.022
,,,-0.00000984,-0.022
,,,-0.00000982,-0.022
,,,-0.0000098,-0.02
,,,-0.00000978,-0.02
,,,-0.00000976,-0.022
,,,-0.00000974,-0.02
,,,-0.00000972,-0.018
,,,-0.0000097,-0.018
,,,-0.00000968,-0.018
,,,-0.00000966,-0.02
,,,-0.00000964,-0.02
,,,-0.00000962,-0.022
,,,-0.0000096,-0.02
,,,-0.00000958,-0.02
,,,-0.00000956,-0.018
,,,-0.00000954,-0.016
,,,-0.00000952,-0.014
,,,-0.0000095,-0.014
,,,-0.00000948,-0.02
,,,-0.00000946,-0.02
,,,-0.00000944,-0.018
,,,-0.00000942,-0.018
,,,-0.0000094,-0.018
,,,-0.00000938,-0.014
,,,-0.00000936,-0.016
,,,-0.00000934,-0.014
,,,-0.00000932,-0.014
,,,-0.0000093,-0.016
,,,-0.00000928,-0.016
,,,-0.00000926,-0.016
,,,-0.00000924,-0.016
,,,-0.00000922,-0.016
,,,-0.0000092,-0.016
,,,-0.00000918,-0.016
,,,-0.00000916,-0.016
,,,-0.00000914,-0.018
,,,-0.00000912,-0.02
,,,-0.0000091,-0.016
,,,-0.00000908,-0.02
,,,-0.00000906,-0.018
,,,-0.00000904,-0.018
,,,-0.00000902,-0.02
,,,-0.000009,-0.02
,,,-0.00000898,-0.02
,,,-0.00000896,-0.022
,,,-0.00000894,-0.02
,,,-0.00000892,-0.02
,,,-0.0000089,-0.018
,,,-0.00000888,-0.016
,,,-0.00000886,-0.02
,,,-0.00000884,-0.018
,,,-0.00000882,-0.02
,,,-0.0000088,-0.018
,,,-0.00000878,-0.018
,,,-0.00000876,-0.018
,,,-0.00000874,-0.018
,,,-0.00000872,-0.016
,,,-0.0000087,-0.014
,,,-0.00000868,-0.016
,,,-0.00000866,-0.016
,,,-0.00000864,-0.018
,,,-0.00000862,-0.014
,,,-0.0000086,-0.018
,,,-0.00000858,-0.018
,,,-0.00000856,-0.018
,,,-0.00000854,-0.016
,,,-0.00000852,-0.016
,,,-0.0000085,-0.02
,,,-0.00000848,-0.018
,,,-0.00000846,-0.02
,,,-0.00000844,-0.018
,,,-0.00000842,-0.018
,,,-0.0000084,-0.02
,,,-0.00000838,-0.018
,,,-0.00000836,-0.018
,,,-0.00000834,-0.016
,,,-0.00000832,-0.018
,,,-0.0000083,-0.02
,,,-0.00000828,-0.02
,,,-0.00000826,-0.02
,,,-0.00000824,-0.018
,,,-0.00000822,-0.018
,,,-0.0000082,-0.016
,,,-0.00000818,-0.016
,,,-0.00000816,-0.016
,,,-0.00000814,-0.016
,,,-0.00000812,-0.018
,,,-0.0000081,-0.018
,,,-0.00000808,-0.014
,,,-0.00000806,-0.016
,,,-0.00000804,-0.018
,,,-0.00000802,-0.014
,,,-0.000008,-0.016
,,,-0.00000798,-0.02
,,,-0.00000796,-0.016
,,,-0.00000794,-0.018
,,,-0.00000792,-0.018
,,,-0.0000079,-0.016
,,,-0.00000788,-0.016
,,,-0.00000786,-0.016
,,,-0.00000784,-0.016
,,,-0.00000782,-0.016
,,,-0.0000078,-0.016
,,,-0.00000778,-0.018
,,,-0.00000776,-0.016
,,,-0.00000774,-0.016
,,,-0.00000772,-0.018
,,,-0.0000077,-0.016
,,,-0.00000768,-0.018
,,,-0.00000766,-0.018
,,,-0.00000764,-0.022
,,,-0.00000762,-0.02
,,,-0.0000076,-0.02
,,,-0.00000758,-0.02
,,,-0.00000756,-0.02
,,,-0.00000754,-0.018
,,,-0.00000752,-0.02
,,,-0.0000075,-0.02
,,,-0.00000748,-0.018
,,,-0.00000746,-0.02
,,,-0.00000744,-0.02
,,,-0.00000742,-0.018
,,,-0.0000074,-0.016
,,,-0.00000738,-0.016
,,,-0.00000736,-0.014
,,,-0.00000734,-0.014
,,,-0.00000732,-0.014
,,,-0.0000073,-0.016
,,,-0.00000728,-0.018
,,,-0.00000726,-0.014
,,,-0.00000724,-0.016
,,,-0.00000722,-0.016
,,,-0.0000072,-0.014
,,,-0.00000718,-0.016
,,,-0.00000716,-0.018
,,,-0.00000714,-0.016
,,,-0.00000712,-0.018
,,,-0.0000071,-0.018
,,,-0.00000708,-0.018
,,,-0.00000706,-0.018
,,,-0.00000704,-0.016
,,,-0.00000702,-0.016
,,,-0.000007,-0.016
,,,-0.00000698,-0.016
,,,-0.00000696,-0.014
,,,-0.00000694,-0.018
,,,-0.00000692,-0.016
,,,-0.0000069,-0.014
,,,-0.00000688,-0.016
,,,-0.00000686,-0.016
,,,-0.00000684,-0.018
,,,-0.00000682,-0.018
,,,-0.0000068,-0.02
,,,-0.00000678,-0.02
,,,-0.00000676,-0.018
,,,-0.00000674,-0.018
,,,-0.00000672,-0.02
,,,-0.0000067,-0.016
,,,-0.00000668,-0.014
,,,-0.00000666,-0.02
,,,-0.00000664,-0.02
,,,-0.00000662,-0.018
,,,-0.0000066,-0.02
,,,-0.00000658,-0.02
,,,-0.00000656,-0.016
,,,-0.00000654,-0.016
,,,-0.00000652,-0.014
,,,-0.0000065,-0.016
,,,-0.00000648,-0.016
,,,-0.00000646,-0.02
,,,-0.00000644,-0.018
,,,-0.00000642,-0.014
,,,-0.0000064,-0.014
,,,-0.00000638,-0.014
,,,-0.00000636,-0.014
,,,-0.00000634,-0.016
,,,-0.00000632,-0.014
,,,-0.0000063,-0.014
,,,-0.00000628,-0.012
,,,-0.00000626,-0.014
,,,-0.00000624,-0.016
,,,-0.00000622,-0.014
,,,-0.0000062,-0.014
,,,-0.00000618,-0.016
,,,-0.00000616,-0.014
,,,-0.00000614,-0.016
,,,-0.00000612,-0.018
,,,-0.0000061,-0.016
,,,-0.00000608,-0.018
,,,-0.00000606,-0.02
,,,-0.00000604,-0.016
,,,-0.00000602,-0.018
,,,-0.000006,-0.018
,,,-0.00000598,-0.022
,,,-0.00000596,-0.02
,,,-0.00000594,-0.024
,,,-0.00000592,-0.02
,,,-0.0000059,-0.018
,,,-0.00000588,-0.018
,,,-0.00000586,-0.02
,,,-0.00000584,-0.02
,,,-0.00000582,-0.02
,,,-0.0000058,-0.02
,,,-0.00000578,-0.016
,,,-0.00000576,-0.018
,,,-0.00000574,-0.018
,,,-0.00000572,-0.016
,,,-0.0000057,-0.016
,,,-0.00000568,-0.014
,,,-0.00000566,-0.016
,,,-0.00000564,-0.018
,,,-0.00000562,-0.016
,,,-0.0000056,-0.018
,,,-0.00000558,-0.016
,,,-0.00000556,-0.014
,,,-0.00000554,-0.018
,,,-0.00000552,-0.018
,,,-0.0000055,-0.018
,,,-0.00000548,-0.02
,,,-0.00000546,-0.018
,,,-0.00000544,-0.018
,,,-0.00000542,-0.018
,,,-0.0000054,-0.014
,,,-0.00000538,-0.014
,,,-0.00000536,-0.012
,,,-0.00000534,-0.016
,,,-0.00000532,-0.014
,,,-0.0000053,-0.016
,,,-0.00000528,-0.016
,,,-0.00000526,-0.014
,,,-0.00000524,-0.016
,,,-0.00000522,-0.016
,,,-0.0000052,-0.014
,,,-0.00000518,-0.016
,,,-0.00000516,-0.018
,,,-0.00000514,-0.018
,,,-0.00000512,-0.02
,,,-0.0000051,-0.022
,,,-0.00000508,-0.02
,,,-0.00000506,-0.018
,,,-0.00000504,-0.016
,,,-0.00000502,-0.018
,,,-0.000005,-0.016
,,,-0.00000498,-0.018
,,,-0.00000496,-0.02
,,,-0.00000494,-0.02
,,,-0.00000492,-0.018
,,,-0.0000049,-0.02
,,,-0.00000488,-0.018
,,,-0.00000486,-0.018
,,,-0.00000484,-0.018
,,,-0.00000482,-0.02
,,,-0.0000048,-0.02
,,,-0.00000478,-0.02
,,,-0.00000476,-0.022
,,,-0.00000474,-0.022
,,,-0.00000472,-0.018
,,,-0.0000047,-0.016
,,,-0.00000468,-0.02
,,,-0.00000466,-0.02
,,,-0.00000464,-0.018
,,,-0.00000462,-0.02
,,,-0.0000046,-0.018
,,,-0.00000458,-0.018
,,,-0.00000456,-0.016
,,,-0.00000454,-0.014
,,,-0.00000452,-0.016
,,,-0.0000045,-0.016
,,,-0.00000448,-0.016
,,,-0.00000446,-0.014
,,,-0.00000444,-0.012
,,,-0.00000442,-0.016
,,,-0.0000044,-0.012
,,,-0.00000438,-0.01
,,,-0.00000436,-0.01
,,,-0.00000434,-0.012
,,,-0.00000432,-0.012
,,,-0.0000043,-0.012
,,,-0.00000428,-0.012
,,,-0.00000426,-0.012
,,,-0.00000424,-0.016
,,,-0.00000422,-0.014
,,,-0.0000042,-0.014
,,,-0.00000418,-0.016
,,,-0.00000416,-0.018
,,,-0.00000414,-0.02
,,,-0.00000412,-0.018
,,,-0.0000041,-0.018
,,,-0.00000408,-0.02
,,,-0.00000406,-0.016
,,,-0.00000404,-0.018
,,,-0.00000402,-0.018
,,,-0.000004,-0.022
,,,-0.00000398,-0.018
,,,-0.00000396,-0.022
,,,-0.00000394,-0.02
,,,-0.00000392,-0.018
,,,-0.0000039,-0.018
,,,-0.00000388,-0.018
,,,-0.00000386,-0.016
,,,-0.00000384,-0.018
,,,-0.00000382,-0.018
,,,-0.0000038,-0.018
,,,-0.00000378,-0.018
,,,-0.00000376,-0.018
,,,-0.00000374,-0.018
,,,-0.00000372,-0.016
,,,-0.0000037,-0.016
,,,-0.00000368,-0.014
,,,-0.00000366,-0.018
,,,-0.00000364,-0.016
,,,-0.00000362,-0.018
,,,-0.0000036,-0.018
,,,-0.00000358,-0.018
,,,-0.00000356,-0.016
,,,-0.00000354,-0.016
,,,-0.00000352,-0.018
,,,-0.0000035,-0.018
,,,-0.00000348,-0.018
,,,-0.00000346,-0.016
,,,-0.00000344,-0.016
,,,-0.00000342,-0.018
,,,-0.0000034,-0.016
,,,-0.00000338,-0.014
,,,-0.00000336,-0.014
,,,-0.00000334,-0.016
,,,-0.00000332,-0.018
,,,-0.0000033,-0.018
,,,-0.00000328,-0.016
,,,-0.00000326,-0.018
,,,-0.00000324,-0.014
,,,-0.00000322,-0.016
,,,-0.0000032,-0.016
,,,-0.00000318,-0.016
,,,-0.00000316,-0.018
,,,-0.00000314,-0.02
,,,-0.00000312,-0.02
,,,-0.0000031,-0.02
,,,-0.00000308,-0.018
,,,-0.00000306,-0.016
,,,-0.00000304,-0.016
,,,-0.00000302,-0.018
,,,-0.000003,-0.02
,,,-0.00000298,-0.02
,,,-0.00000296,-0.018
,,,-0.00000294,-0.018
,,,-0.00000292,-0.018
,,,-0.0000029,-0.018
,,,-0.00000288,-0.02
,,,-0.00000286,-0.018
,,,-0.00000284,-0.018
,,,-0.00000282,-0.018
,,,-0.0000028,-0.02
,,,-0.00000278,-0.022
,,,-0.00000276,-0.016
,,,-0.00000274,-0.018
,,,-0.00000272,-0.018
,,,-0.0000027,-0.016
,,,-0.00000268,-0.016
,,,-0.00000266,-0.018
,,,-0.00000264,-0.018
,,,-0.00000262,-0.02
,,,-0.0000026,-0.018
,,,-0.00000258,-0.016
,,,-0.00000256,-0.016
,,,-0.00000254,-0.014
,,,-0.00000252,-0.014
,,,-0.0000025,-0.014
,,,-0.00000248,-0.016
,,,-0.00000246,-0.014
,,,-0.00000244,-0.016
,,,-0.00000242,-0.014
,,,-0.0000024,-0.018
,,,-0.00000238,-0.014
,,,-0.00000236,-0.014
,,,-0.00000234,-0.02
,,,-0.00000232,-0.02
,,,-0.0000023,-0.018
,,,-0.00000228,-0.018
,,,-0.00000226,-0.02
,,,-0.00000224,-0.022
,,,-0.00000222,-0.02
,,,-0.0000022,-0.016
,,,-0.00000218,-0.018
,,,-0.00000216,-0.02
,,,-0.00000214,-0.018
,,,-0.00000212,-0.018
,,,-0.0000021,-0.02
,,,-0.00000208,-0.018
,,,-0.00000206,-0.016
,,,-0.00000204,-0.016
,,,-0.00000202,-0.018
,,,-0.000002,-0.016
,,,-0.00000198,-0.018
,,,-0.00000196,-0.018
,,,-0.00000194,-0.02
,,,-0.00000192,-0.018
,,,-0.0000019,-0.018
,,,-0.00000188,-0.016
,,,-0.00000186,-0.016
,,,-0.00000184,-0.016
,,,-0.00000182,-0.016
,,,-0.0000018,-0.02
,,,-0.00000178,-0.018
,,,-0.00000176,-0.018
,,,-0.00000174,-0.014
,,,-0.00000172,-0.014
,,,-0.0000017,-0.014
,,,-0.00000168,-0.014
,,,-0.00000166,-0.016
,,,-0.00000164,-0.014
,,,-0.00000162,-0.016
,,,-0.0000016,-0.018
,,,-0.00000158,-0.014
,,,-0.00000156,-0.016
,,,-0.00000154,-0.016
,,,-0.00000152,-0.016
,,,-0.0000015,-0.016
,,,-0.00000148,-0.02
,,,-0.00000146,-0.018
,,,-0.00000144,-0.018
,,,-0.00000142,-0.018
,,,-0.0000014,-0.016
,,,-0.00000138,-0.016
,,,-0.00000136,-0.018
,,,-0.00000134,-0.018
,,,-0.00000132,-0.018
,,,-0.0000013,-0.02
,,,-0.00000128,-0.018
,,,-0.00000126,-0.02
,,,-0.00000124,-0.016
,,,-0.00000122,-0.014
,,,-0.0000012,-0.014
,,,-0.00000118,-0.018
,,,-0.00000116,-0.018
,,,-0.00000114,-0.018
,,,-0.00000112,-0.02
,,,-0.0000011,-0.018
,,,-0.00000108,-0.018
,,,-0.00000106,-0.014
,,,-0.00000104,-0.014
,,,-0.00000102,-0.014
,,,-0.000001,-0.016
,,,-0.00000098,-0.016
,,,-0.00000096,-0.016
,,,-0.00000094,-0.018
,,,-0.00000092,-0.016
,,,-0.0000009,-0.018
,,,-0.00000088,-0.016
,,,-0.00000086,-0.018
,,,-0.00000084,-0.018
,,,-0.00000082,-0.018
,,,-0.0000008,-0.02
,,,-0.00000078,-0.022
,,,-0.00000076,-0.02
,,,-0.00000074,-0.018
,,,-0.00000072,-0.018
,,,-0.0000007,-0.016
,,,-0.00000068,-0.016
,,,-0.00000066,-0.018
,,,-0.00000064,-0.02
,,,-0.00000062,-0.018
,,,-0.0000006,-0.018
,,,-0.00000058,-0.018
,,,-0.00000056,-0.016
,,,-0.00000054,-0.014
,,,-0.00000052,-0.012
,,,-0.0000005,-0.016
,,,-0.00000048,-0.016
,,,-0.00000046,-0.018
,,,-0.00000044,-0.014
,,,-0.00000042,-0.016
,,,-0.0000004,-0.012
,,,-0.00000038,-0.014
,,,-0.00000036,-0.012
,,,-0.00000034,-0.012
,,,-0.00000032,-0.01
,,,-0.0000003,-0.008
,,,-0.00000028,-0.01
,,,-0.00000026,-0.008
,,,-0.00000024,-0.008
,,,-0.00000022,-0.008
,,,-0.0000002,-0.004
,,,-0.00000018,-0.004
,,,-0.00000016,-0.004
,,,-0.00000014,-0.002
,,,-0.00000012,-0.004
,,,-0.0000001,0
,,,-0.00000008,0
,,,-0.00000006,0.004
,,,-0.00000004,0.004
,,,-0.00000002,0.006
,,,0,0.004
,,,0.00000002,0.006
,,,0.00000004,0.008
,,,0.00000006,0.012
,,,0.00000008,0.012
,,,0.0000001,0.016
,,,0.00000012,0.018
,,,0.00000014,0.02
,,,0.00000016,0.02
,,,0.00000018,0.024
,,,0.0000002,0.026
,,,0.00000022,0.024
,,,0.00000024,0.026
,,,0.00000026,0.028
,,,0.00000028,0.03
,,,0.0000003,0.032
,,,0.00000032,0.032
,,,0.00000034,0.034
,,,0.00000036,0.032
,,,0.00000038,0.032
,,,0.0000004,0.036
,,,0.00000042,0.04
,,,0.00000044,0.04
,,,0.00000046,0.042
,,,0.00000048,0.044
,,,0.0000005,0.04
,,,0.00000052,0.042
,,,0.00000054,0.042
,,,0.00000056,0.044
,,,0.00000058,0.048
,,,0.0000006,0.048
,,,0.00000062,0.052
,,,0.00000064,0.054
,,,0.00000066,0.05
,,,0.00000068,0.054
,,,0.0000007,0.054
,,,0.00000072,0.054
,,,0.00000074,0.056
,,,0.00000076,0.056
,,,0.00000078,0.06
,,,0.0000008,0.062
,,,0.00000082,0.062
,,,0.00000084,0.062
,,,0.00000086,0.064
,,,0.00000088,0.064
,,,0.0000009,0.062
,,,0.00000092,0.066
,,,0.00000094,0.066
,,,0.00000096,0.066
,,,0.00000098,0.068
,,,0.000001,0.064
,,,0.00000102,0.066
,,,0.00000104,0.066
,,,0.00000106,0.066
,,,0.00000108,0.066
,,,0.0000011,0.068
,,,0.00000112,0.07
,,,0.00000114,0.072
,,,0.00000116,0.068
,,,0.00000118,0.07
,,,0.0000012,0.07
,,,0.00000122,0.072
,,,0.00000124,0.072
,,,0.00000126,0.072
,,,0.00000128,0.072
,,,0.0000013,0.076
,,,0.00000132,0.076
,,,0.00000134,0.074
,,,0.00000136,0.072
,,,0.00000138,0.072
,,,0.0000014,0.074
,,,0.00000142,0.076
,,,0.00000144,0.074
,,,0.00000146,0.078
,,,0.00000148,0.076
,,,0.0000015,0.076
,,,0.00000152,0.076
,,,0.00000154,0.074
,,,0.00000156,0.076
,,,0.00000158,0.08
,,,0.0000016,0.08
,,,0.00000162,0.082
,,,0.00000164,0.08
,,,0.00000166,0.08
,,,0.00000168,0.082
,,,0.0000017,0.08
,,,0.00000172,0.082
,,,0.00000174,0.08
,,,0.00000176,0.08
,,,0.00000178,0.082
,,,0.0000018,0.086
,,,0.00000182,0.084
,,,0.00000184,0.084
,,,0.00000186,0.082
,,,0.00000188,0.084
,,,0.0000019,0.082
,,,0.00000192,0.084
,,,0.00000194,0.08
,,,0.00000196,0.086
,,,0.00000198,0.088
,,,0.000002,0.082
,,,0.00000202,0.084
,,,0.00000204,0.082
,,,0.00000206,0.08
,,,0.00000208,0.088
,,,0.0000021,0.082
,,,0.00000212,0.086
,,,0.00000214,0.088
,,,0.00000216,0.084
,,,0.00000218,0.086
,,,0.0000022,0.084
,,,0.00000222,0.084
,,,0.00000224,0.084
,,,0.00000226,0.086
,,,0.00000228,0.088
,,,0.0000023,0.088
,,,0.00000232,0.086
,,,0.00000234,0.082
,,,0.00000236,0.084
,,,0.00000238,0.084
,,,0.0000024,0.084
,,,0.00000242,0.084
,,,0.00000244,0.086
,,,0.00000246,0.088
,,,0.00000248,0.086
,,,0.0000025,0.082
,,,0.00000252,0.086
,,,0.00000254,0.084
,,,0.00000256,0.088
,,,0.00000258,0.084
,,,0.0000026,0.088
,,,0.00000262,0.09
,,,0.00000264,0.09
,,,0.00000266,0.086
,,,0.00000268,0.086
,,,0.0000027,0.088
,,,0.00000272,0.088
,,,0.00000274,0.088
,,,0.00000276,0.088
,,,0.00000278,0.09
,,,0.0000028,0.09
,,,0.00000282,0.09
,,,0.00000284,0.092
,,,0.00000286,0.084
,,,0.00000288,0.084
,,,0.0000029,0.09
,,,0.00000292,0.09
,,,0.00000294,0.09
,,,0.00000296,0.09
,,,0.00000298,0.088
,,,0.000003,0.086
,,,0.00000302,0.09
,,,0.00000304,0.088
,,,0.00000306,0.088
,,,0.00000308,0.088
,,,0.0000031,0.088
,,,0.00000312,0.092
,,,0.00000314,0.09
,,,0.00000316,0.088
,,,0.00000318,0.09
,,,0.0000032,0.088
,,,0.00000322,0.09
,,,0.00000324,0.088
,,,0.00000326,0.086
,,,0.00000328,0.09
,,,0.0000033,0.088
,,,0.00000332,0.09
,,,0.00000334,0.088
,,,0.00000336,0.088
,,,0.00000338,0.086
,,,0.0000034,0.088
,,,0.00000342,0.088
,,,0.00000344,0.09
,,,0.00000346,0.09
,,,0.00000348,0.09
,,,0.0000035,0.088
,,,0.00000352,0.086
,,,0.00000354,0.09
,,,0.00000356,0.088
,,,0.00000358,0.09
,,,0.0000036,0.09
,,,0.00000362,0.092
,,,0.00000364,0.092
,,,0.00000366,0.09
,,,0.00000368,0.09
,,,0.0000037,0.09
,,,0.00000372,0.092
,,,0.00000374,0.088
,,,0.00000376,0.09
,,,0.00000378,0.092
,,,0.0000038,0.09
,,,0.00000382,0.088
,,,0.00000384,0.09
,,,0.00000386,0.092
,,,0.00000388,0.09
,,,0.0000039,0.088
,,,0.00000392,0.086
,,,0.00000394,0.09
,,,0.00000396,0.092
,,,0.00000398,0.088
,,,0.000004,0.088
,,,0.00000402,0.088
,,,0.00000404,0.088
,,,0.00000406,0.092
,,,0.00000408,0.092
,,,0.0000041,0.092
,,,0.00000412,0.094
,,,0.00000414,0.092
,,,0.00000416,0.092
,,,0.00000418,0.088
,,,0.0000042,0.09
,,,0.00000422,0.088
,,,0.00000424,0.088
,,,0.00000426,0.088
,,,0.00000428,0.094
,,,0.0000043,0.094
,,,0.00000432,0.09
,,,0.00000434,0.088
,,,0.00000436,0.09
,,,0.00000438,0.09
,,,0.0000044,0.09
,,,0.00000442,0.09
,,,0.00000444,0.09
,,,0.00000446,0.09
,,,0.00000448,0.088
,,,0.0000045,0.09
,,,0.00000452,0.088
,,,0.00000454,0.088
,,,0.00000456,0.086
,,,0.00000458,0.088
,,,0.0000046,0.092
,,,0.00000462,0.09
,,,0.00000464,0.09
,,,0.00000466,0.088
,,,0.00000468,0.086
,,,0.0000047,0.088
,,,0.00000472,0.088
,,,0.00000474,0.084
,,,0.00000476,0.09
,,,0.00000478,0.088
,,,0.0000048,0.092
,,,0.00000482,0.092
,,,0.00000484,0.09
,,,0.00000486,0.09
,,,0.00000488,0.09
,,,0.0000049,0.09
,,,0.00000492,0.09
,,,0.00000494,0.09
,,,0.00000496,0.092
,,,0.00000498,0.094
,,,0.000005,0.092
,,,0.00000502,0.09
,,,0.00000504,0.09
,,,0.00000506,0.09
,,,0.00000508,0.092
,,,0.0000051,0.096
,,,0.00000512,0.092
,,,0.00000514,0.094
,,,0.00000516,0.094
,,,0.00000518,0.09
,,,0.0000052,0.094
,,,0.00000522,0.092
,,,0.00000524,0.088
,,,0.00000526,0.09
,,,0.00000528,0.09
,,,0.0000053,0.092
,,,0.00000532,0.094
,,,0.00000534,0.092
,,,0.00000536,0.086
,,,0.00000538,0.09
,,,0.0000054,0.09
,,,0.00000542,0.09
,,,0.00000544,0.088
,,,0.00000546,0.09
,,,0.00000548,0.086
,,,0.0000055,0.088
,,,0.00000552,0.088
,,,0.00000554,0.086
,,,0.00000556,0.088
,,,0.00000558,0.09
,,,0.0000056,0.092
,,,0.00000562,0.092
,,,0.00000564,0.092
,,,0.00000566,0.09
,,,0.00000568,0.088
,,,0.0000057,0.088
,,,0.00000572,0.088
,,,0.00000574,0.088
,,,0.00000576,0.092
,,,0.00000578,0.092
,,,0.0000058,0.09
,,,0.00000582,0.09
,,,0.00000584,0.096
,,,0.00000586,0.092
,,,0.00000588,0.092
,,,0.0000059,0.09
,,,0.00000592,0.092
,,,0.00000594,0.09
,,,0.00000596,0.092
,,,0.00000598,0.094
,,,0.000006,0.09
,,,0.00000602,0.09
,,,0.00000604,0.094
,,,0.00000606,0.092
,,,0.00000608,0.094
,,,0.0000061,0.092
,,,0.00000612,0.09
,,,0.00000614,0.092
,,,0.00000616,0.092
,,,0.00000618,0.088
,,,0.0000062,0.086
,,,0.00000622,0.088
,,,0.00000624,0.088
,,,0.00000626,0.088
,,,0.00000628,0.09
,,,0.0000063,0.09
,,,0.00000632,0.088
,,,0.00000634,0.092
,,,0.00000636,0.088
,,,0.00000638,0.086
,,,0.0000064,0.09
,,,0.00000642,0.09
,,,0.00000644,0.088
,,,0.00000646,0.09
,,,0.00000648,0.09
,,,0.0000065,0.09
,,,0.00000652,0.092
,,,0.00000654,0.088
,,,0.00000656,0.09
,,,0.00000658,0.092
,,,0.0000066,0.09
,,,0.00000662,0.094
,,,0.00000664,0.092
,,,0.00000666,0.088
,,,0.00000668,0.092
,,,0.0000067,0.088
,,,0.00000672,0.09
,,,0.00000674,0.09
,,,0.00000676,0.09
,,,0.00000678,0.09
,,,0.0000068,0.092
,,,0.00000682,0.09
,,,0.00000684,0.09
,,,0.00000686,0.09
,,,0.00000688,0.09
,,,0.0000069,0.09
,,,0.00000692,0.09
,,,0.00000694,0.088
,,,0.00000696,0.09
,,,0.00000698,0.09
,,,0.000007,0.088
,,,0.00000702,0.088
,,,0.00000704,0.088
,,,0.00000706,0.088
,,,0.00000708,0.088
,,,0.0000071,0.09
,,,0.00000712,0.09
,,,0.00000714,0.09
,,,0.00000716,0.092
,,,0.00000718,0.094
,,,0.0000072,0.09
,,,0.00000722,0.09
,,,0.00000724,0.092
,,,0.00000726,0.088
,,,0.00000728,0.09
,,,0.0000073,0.094
,,,0.00000732,0.092
,,,0.00000734,0.088
,,,0.00000736,0.09
,,,0.00000738,0.09
,,,0.0000074,0.09
,,,0.00000742,0.094
,,,0.00000744,0.092
,,,0.00000746,0.092
,,,0.00000748,0.092
,,,0.0000075,0.09
,,,0.00000752,0.094
,,,0.00000754,0.092
,,,0.00000756,0.094
,,,0.00000758,0.094
,,,0.0000076,0.092
,,,0.00000762,0.096
,,,0.00000764,0.098
,,,0.00000766,0.094
,,,0.00000768,0.096
,,,0.0000077,0.092
,,,0.00000772,0.094
,,,0.00000774,0.094
,,,0.00000776,0.094
,,,0.00000778,0.094
,,,0.0000078,0.096
,,,0.00000782,0.092
,,,0.00000784,0.092
,,,0.00000786,0.09
,,,0.00000788,0.086
,,,0.0000079,0.088
,,,0.00000792,0.088
,,,0.00000794,0.09
,,,0.00000796,0.09
,,,0.00000798,0.088
,,,0.000008,0.088
,,,0.00000802,0.092
,,,0.00000804,0.092
,,,0.00000806,0.09
,,,0.00000808,0.09
,,,0.0000081,0.09
,,,0.00000812,0.094
,,,0.00000814,0.09
,,,0.00000816,0.09
,,,0.00000818,0.092
,,,0.0000082,0.09
,,,0.00000822,0.088
,,,0.00000824,0.09
,,,0.00000826,0.092
,,,0.00000828,0.09
,,,0.0000083,0.09
,,,0.00000832,0.092
,,,0.00000834,0.088
,,,0.00000836,0.088
,,,0.00000838,0.088
,,,0.0000084,0.088
,,,0.00000842,0.088
,,,0.00000844,0.088
,,,0.00000846,0.09
,,,0.00000848,0.09
,,,0.0000085,0.088
,,,0.00000852,0.086
,,,0.00000854,0.086
,,,0.00000856,0.088
,,,0.00000858,0.088
,,,0.0000086,0.088
,,,0.00000862,0.088
,,,0.00000864,0.088
,,,0.00000866,0.09
,,,0.00000868,0.086
,,,0.0000087,0.084
,,,0.00000872,0.086
,,,0.00000874,0.084
,,,0.00000876,0.09
,,,0.00000878,0.09
,,,0.0000088,0.09
,,,0.00000882,0.092
,,,0.00000884,0.09
,,,0.00000886,0.088
,,,0.00000888,0.088
,,,0.0000089,0.088
,,,0.00000892,0.092
,,,0.00000894,0.092
,,,0.00000896,0.094
,,,0.00000898,0.092
,,,0.000009,0.092
,,,0.00000902,0.09
,,,0.00000904,0.092
,,,0.00000906,0.092
,,,0.00000908,0.092
,,,0.0000091,0.094
,,,0.00000912,0.094
,,,0.00000914,0.092
,,,0.00000916,0.094
,,,0.00000918,0.09
,,,0.0000092,0.09
,,,0.00000922,0.088
,,,0.00000924,0.088
,,,0.00000926,0.086
,,,0.00000928,0.09
,,,0.0000093,0.092
,,,0.00000932,0.09
,,,0.00000934,0.09
,,,0.00000936,0.09
,,,0.00000938,0.088
,,,0.0000094,0.09
,,,0.00000942,0.09
,,,0.00000944,0.092
,,,0.00000946,0.09
,,,0.00000948,0.09
,,,0.0000095,0.088
,,,0.00000952,0.09
,,,0.00000954,0.088
,,,0.00000956,0.088
,,,0.00000958,0.088
,,,0.0000096,0.09
,,,0.00000962,0.09
,,,0.00000964,0.09
,,,0.00000966,0.086
,,,0.00000968,0.088
,,,0.0000097,0.086
,,,0.00000972,0.088
,,,0.00000974,0.088
,,,0.00000976,0.088
,,,0.00000978,0.092
,,,0.0000098,0.09
,,,0.00000982,0.092
,,,0.00000984,0.09
,,,0.00000986,0.088
,,,0.00000988,0.088
,,,0.0000099,0.09
,,,0.00000992,0.092
,,,0.00000994,0.09
,,,0.00000996,0.092
,,,0.00000998,0.092
,,,0.00001,0.094
,,,0.00001002,0.092
,,,0.00001004,0.092
,,,0.00001006,0.09
,,,0.00001008,0.092
,,,0.0000101,0.096
,,,0.00001012,0.092
,,,0.00001014,0.096
,,,0.00001016,0.092
,,,0.00001018,0.092
,,,0.0000102,0.09
,,,0.00001022,0.094
,,,0.00001024,0.094
,,,0.00001026,0.094
,,,0.00001028,0.092
,,,0.0000103,0.094
,,,0.00001032,0.09
,,,0.00001034,0.09
,,,0.00001036,0.09
,,,0.00001038,0.09
,,,0.0000104,0.09
,,,0.00001042,0.09
,,,0.00001044,0.09
,,,0.00001046,0.09
,,,0.00001048,0.094
,,,0.0000105,0.088
,,,0.00001052,0.09
,,,0.00001054,0.09
,,,0.00001056,0.09
,,,0.00001058,0.088
,,,0.0000106,0.09
,,,0.00001062,0.092
,,,0.00001064,0.092
,,,0.00001066,0.09
,,,0.00001068,0.088
,,,0.0000107,0.088
,,,0.00001072,0.086
,,,0.00001074,0.09
,,,0.00001076,0.09
,,,0.00001078,0.09
,,,0.0000108,0.092
,,,0.00001082,0.092
,,,0.00001084,0.09
,,,0.00001086,0.09
,,,0.00001088,0.088
,,,0.0000109,0.092
,,,0.00001092,0.09
,,,0.00001094,0.092
,,,0.00001096,0.09
,,,0.00001098,0.092
,,,0.000011,0.09
,,,0.00001102,0.09
,,,0.00001104,0.09
,,,0.00001106,0.088
,,,0.00001108,0.09
,,,0.0000111,0.09
,,,0.00001112,0.092
,,,0.00001114,0.096
,,,0.00001116,0.09
,,,0.00001118,0.09
,,,0.0000112,0.09
,,,0.00001122,0.086
,,,0.00001124,0.086
,,,0.00001126,0.088
,,,0.00001128,0.092
,,,0.0000113,0.09
,,,0.00001132,0.09
,,,0.00001134,0.088
,,,0.00001136,0.088
,,,0.00001138,0.088
,,,0.0000114,0.09
,,,0.00001142,0.088
,,,0.00001144,0.092
,,,0.00001146,0.094
,,,0.00001148,0.09
,,,0.0000115,0.09
,,,0.00001152,0.09
,,,0.00001154,0.09
,,,0.00001156,0.092
,,,0.00001158,0.092
,,,0.0000116,0.088
,,,0.00001162,0.094
,,,0.00001164,0.094
,,,0.00001166,0.09
,,,0.00001168,0.092
,,,0.0000117,0.09
,,,0.00001172,0.09
,,,0.00001174,0.092
,,,0.00001176,0.092
,,,0.00001178,0.09
,,,0.0000118,0.09
,,,0.00001182,0.09
,,,0.00001184,0.088
,,,0.00001186,0.09
,,,0.00001188,0.088
,,,0.0000119,0.088
,,,0.00001192,0.088
,,,0.00001194,0.09
,,,0.00001196,0.092
,,,0.00001198,0.092
,,,0.000012,0.088
,,,0.00001202,0.09
,,,0.00001204,0.092
,,,0.00001206,0.092
,,,0.00001208,0.092
,,,0.0000121,0.094
,,,0.00001212,0.098
,,,0.00001214,0.094
,,,0.00001216,0.094
,,,0.00001218,0.096
,,,0.0000122,0.098
,,,0.00001222,0.096
,,,0.00001224,0.094
,,,0.00001226,0.1
,,,0.00001228,0.102
,,,0.0000123,0.102
,,,0.00001232,0.102
,,,0.00001234,0.102
,,,0.00001236,0.104
,,,0.00001238,0.106
,,,0.0000124,0.104
,,,0.00001242,0.108
,,,0.00001244,0.11
,,,0.00001246,0.114
,,,0.00001248,0.112
,,,0.0000125,0.112
,,,0.00001252,0.114
,,,0.00001254,0.114
,,,0.00001256,0.116
,,,0.00001258,0.118
,,,0.0000126,0.12
,,,0.00001262,0.122
,,,0.00001264,0.124
,,,0.00001266,0.122
,,,0.00001268,0.124
,,,0.0000127,0.124
,,,0.00001272,0.128
,,,0.00001274,0.128
,,,0.00001276,0.128
,,,0.00001278,0.13
,,,0.0000128,0.136
,,,0.00001282,0.136
,,,0.00001284,0.136
,,,0.00001286,0.136
,,,0.00001288,0.136
,,,0.0000129,0.138
,,,0.00001292,0.144
,,,0.00001294,0.144
,,,0.00001296,0.142
,,,0.00001298,0.146
,,,0.000013,0.146
,,,0.00001302,0.148
,,,0.00001304,0.148
,,,0.00001306,0.146
,,,0.00001308,0.15
,,,0.0000131,0.15
,,,0.00001312,0.156
,,,0.00001314,0.154
,,,0.00001316,0.15
,,,0.00001318,0.152
,,,0.0000132,0.15
,,,0.00001322,0.152
,,,0.00001324,0.152
,,,0.00001326,0.154
,,,0.00001328,0.158
,,,0.0000133,0.16
,,,0.00001332,0.158
,,,0.00001334,0.16
,,,0.00001336,0.158
,,,0.00001338,0.158
,,,0.0000134,0.16
,,,0.00001342,0.16
,,,0.00001344,0.164
,,,0.00001346,0.162
,,,0.00001348,0.162
,,,0.0000135,0.164
,,,0.00001352,0.162
,,,0.00001354,0.162
,,,0.00001356,0.164
,,,0.00001358,0.164
,,,0.0000136,0.168
,,,0.00001362,0.168
,,,0.00001364,0.17
,,,0.00001366,0.168
,,,0.00001368,0.168
,,,0.0000137,0.17
,,,0.00001372,0.166
,,,0.00001374,0.17
,,,0.00001376,0.17
,,,0.00001378,0.172
,,,0.0000138,0.174
,,,0.00001382,0.174
,,,0.00001384,0.174
,,,0.00001386,0.176
,,,0.00001388,0.174
,,,0.0000139,0.174
,,,0.00001392,0.176
,,,0.00001394,0.174
,,,0.00001396,0.174
,,,0.00001398,0.172
,,,0.000014,0.17
,,,0.00001402,0.176
,,,0.00001404,0.172
,,,0.00001406,0.176
,,,0.00001408,0.178
,,,0.0000141,0.176
,,,0.00001412,0.178
,,,0.00001414,0.176
,,,0.00001416,0.176
,,,0.00001418,0.178
,,,0.0000142,0.18
,,,0.00001422,0.174
,,,0.00001424,0.178
,,,0.00001426,0.18
,,,0.00001428,0.182
,,,0.0000143,0.182
,,,0.00001432,0.182
,,,0.00001434,0.182
,,,0.00001436,0.182
,,,0.00001438,0.178
,,,0.0000144,0.18
,,,0.00001442,0.18
,,,0.00001444,0.18
,,,0.00001446,0.182
,,,0.00001448,0.184
,,,0.0000145,0.186
,,,0.00001452,0.184
,,,0.00001454,0.184
,,,0.00001456,0.182
,,,0.00001458,0.182
,,,0.0000146,0.184
,,,0.00001462,0.186
,,,0.00001464,0.186
,,,0.00001466,0.182
,,,0.00001468,0.184
,,,0.0000147,0.184
,,,0.00001472,0.182
,,,0.00001474,0.184
,,,0.00001476,0.18
,,,0.00001478,0.182
,,,0.0000148,0.182
,,,0.00001482,0.18
,,,0.00001484,0.18
,,,0.00001486,0.182
,,,0.00001488,0.174
,,,0.0000149,0.182
,,,0.00001492,0.178
,,,0.00001494,0.18
,,,0.00001496,0.182
,,,0.00001498,0.182
,,,0.000015,0.182
,,,0.00001502,0.18
,,,0.00001504,0.182
,,,0.00001506,0.182
,,,0.00001508,0.182
,,,0.0000151,0.184
,,,0.00001512,0.186
,,,0.00001514,0.184
,,,0.00001516,0.184
,,,0.00001518,0.184
,,,0.0000152,0.186
,,,0.00001522,0.186
,,,0.00001524,0.186
,,,0.00001526,0.184
,,,0.00001528,0.188
,,,0.0000153,0.186
,,,0.00001532,0.186
,,,0.00001534,0.184
,,,0.00001536,0.184
,,,0.00001538,0.18
,,,0.0000154,0.182
,,,0.00001542,0.184
,,,0.00001544,0.184
,,,0.00001546,0.184
,,,0.00001548,0.186
,,,0.0000155,0.182
,,,0.00001552,0.184
,,,0.00001554,0.186
,,,0.00001556,0.182
,,,0.00001558,0.188
,,,0.0000156,0.186
,,,0.00001562,0.188
,,,0.00001564,0.188
,,,0.00001566,0.188
,,,0.00001568,0.184
,,,0.0000157,0.184
,,,0.00001572,0.186
,,,0.00001574,0.184
,,,0.00001576,0.188
,,,0.00001578,0.186
,,,0.0000158,0.184
,,,0.00001582,0.19
,,,0.00001584,0.188
,,,0.00001586,0.186
,,,0.00001588,0.186
,,,0.0000159,0.184
,,,0.00001592,0.188
,,,0.00001594,0.188
,,,0.00001596,0.188
,,,0.00001598,0.186
,,,0.000016,0.188
,,,0.00001602,0.188
,,,0.00001604,0.19
,,,0.00001606,0.184
,,,0.00001608,0.186
,,,0.0000161,0.188
,,,0.00001612,0.186
,,,0.00001614,0.184
,,,0.00001616,0.186
,,,0.00001618,0.184
,,,0.0000162,0.18
,,,0.00001622,0.184
,,,0.00001624,0.184
,,,0.00001626,0.184
,,,0.00001628,0.186
,,,0.0000163,0.184
,,,0.00001632,0.186
,,,0.00001634,0.184
,,,0.00001636,0.182
,,,0.00001638,0.184
,,,0.0000164,0.184
,,,0.00001642,0.182
,,,0.00001644,0.182
,,,0.00001646,0.188
,,,0.00001648,0.186
,,,0.0000165,0.184
,,,0.00001652,0.184
,,,0.00001654,0.182
,,,0.00001656,0.182
,,,0.00001658,0.188
,,,0.0000166,0.188
,,,0.00001662,0.188
,,,0.00001664,0.186
,,,0.00001666,0.184
,,,0.00001668,0.186
,,,0.0000167,0.184
,,,0.00001672,0.188
,,,0.00001674,0.186
,,,0.00001676,0.184
,,,0.00001678,0.186
,,,0.0000168,0.188
,,,0.00001682,0.186
,,,0.00001684,0.188
,,,0.00001686,0.186
,,,0.00001688,0.19
,,,0.0000169,0.188
,,,0.00001692,0.186
,,,0.00001694,0.188
,,,0.00001696,0.19
,,,0.00001698,0.188
,,,0.000017,0.186
,,,0.00001702,0.188
,,,0.00001704,0.188
,,,0.00001706,0.188
,,,0.00001708,0.188
,,,0.0000171,0.19
,,,0.00001712,0.19
,,,0.00001714,0.19
,,,0.00001716,0.186
,,,0.00001718,0.188
,,,0.0000172,0.186
,,,0.00001722,0.186
,,,0.00001724,0.19
,,,0.00001726,0.188
,,,0.00001728,0.188
,,,0.0000173,0.186
,,,0.00001732,0.188
,,,0.00001734,0.184
,,,0.00001736,0.184
,,,0.00001738,0.18
,,,0.0000174,0.184
,,,0.00001742,0.182
,,,0.00001744,0.182
,,,0.00001746,0.188
,,,0.00001748,0.186
,,,0.0000175,0.186
,,,0.00001752,0.182
,,,0.00001754,0.184
,,,0.00001756,0.186
,,,0.00001758,0.186
,,,0.0000176,0.182
,,,0.00001762,0.188
,,,0.00001764,0.184
,,,0.00001766,0.184
,,,0.00001768,0.182
,,,0.0000177,0.186
,,,0.00001772,0.182
,,,0.00001774,0.188
,,,0.00001776,0.184
,,,0.00001778,0.186
,,,0.0000178,0.186
,,,0.00001782,0.188
,,,0.00001784,0.188
,,,0.00001786,0.19
,,,0.00001788,0.186
,,,0.0000179,0.188
,,,0.00001792,0.188
,,,0.00001794,0.188
,,,0.00001796,0.19
,,,0.00001798,0.19
,,,0.000018,0.186
,,,0.00001802,0.186
,,,0.00001804,0.186
,,,0.00001806,0.186
,,,0.00001808,0.19
,,,0.0000181,0.186
,,,0.00001812,0.188
,,,0.00001814,0.184
,,,0.00001816,0.184
,,,0.00001818,0.182
,,,0.0000182,0.184
,,,0.00001822,0.184
,,,0.00001824,0.184
,,,0.00001826,0.186
,,,0.00001828,0.186
,,,0.0000183,0.19
,,,0.00001832,0.188
,,,0.00001834,0.186
,,,0.00001836,0.188
,,,0.00001838,0.186
,,,0.0000184,0.186
,,,0.00001842,0.184
,,,0.00001844,0.186
,,,0.00001846,0.188
,,,0.00001848,0.188
,,,0.0000185,0.186
,,,0.00001852,0.182
,,,0.00001854,0.184
,,,0.00001856,0.184
,,,0.00001858,0.188
,,,0.0000186,0.19
,,,0.00001862,0.19
,,,0.00001864,0.188
,,,0.00001866,0.19
,,,0.00001868,0.186
,,,0.0000187,0.186
,,,0.00001872,0.186
,,,0.00001874,0.188
,,,0.00001876,0.188
,,,0.00001878,0.19
,,,0.0000188,0.192
,,,0.00001882,0.19
,,,0.00001884,0.188
,,,0.00001886,0.19
,,,0.00001888,0.188
,,,0.0000189,0.19
,,,0.00001892,0.188
,,,0.00001894,0.186
,,,0.00001896,0.19
,,,0.00001898,0.186
,,,0.000019,0.186
,,,0.00001902,0.186
,,,0.00001904,0.184
,,,0.00001906,0.186
,,,0.00001908,0.188
,,,0.0000191,0.186
,,,0.00001912,0.188
,,,0.00001914,0.186
,,,0.00001916,0.188
,,,0.00001918,0.184
,,,0.0000192,0.182
,,,0.00001922,0.182
,,,0.00001924,0.188
,,,0.00001926,0.184
,,,0.00001928,0.188
,,,0.0000193,0.19
,,,0.00001932,0.186
,,,0.00001934,0.186
,,,0.00001936,0.186
,,,0.00001938,0.186
,,,0.0000194,0.186
,,,0.00001942,0.184
,,,0.00001944,0.186
,,,0.00001946,0.186
,,,0.00001948,0.188
,,,0.0000195,0.184
,,,0.00001952,0.188
,,,0.00001954,0.184
,,,0.00001956,0.188
,,,0.00001958,0.186
,,,0.0000196,0.188
,,,0.00001962,0.186
,,,0.00001964,0.188
,,,0.00001966,0.186
,,,0.00001968,0.186
,,,0.0000197,0.188
,,,0.00001972,0.188
,,,0.00001974,0.186
,,,0.00001976,0.184
,,,0.00001978,0.186
,,,0.0000198,0.188
,,,0.00001982,0.186
,,,0.00001984,0.184
,,,0.00001986,0.182
,,,0.00001988,0.184
,,,0.0000199,0.184
,,,0.00001992,0.182
,,,0.00001994,0.184
,,,0.00001996,0.184
,,,0.00001998,0.188
,,,0.00002,0.186
,,,0.00002002,0.184
,,,0.00002004,0.182
,,,0.00002006,0.186
,,,0.00002008,0.184
,,,0.0000201,0.186
,,,0.00002012,0.184
,,,0.00002014,0.188
,,,0.00002016,0.184
,,,0.00002018,0.184
,,,0.0000202,0.184
,,,0.00002022,0.184
,,,0.00002024,0.186
,,,0.00002026,0.186
,,,0.00002028,0.188
,,,0.0000203,0.186
,,,0.00002032,0.184
,,,0.00002034,0.186
,,,0.00002036,0.186
,,,0.00002038,0.188
,,,0.0000204,0.186
,,,0.00002042,0.184
,,,0.00002044,0.188
,,,0.00002046,0.186
,,,0.00002048,0.188
,,,0.0000205,0.182
,,,0.00002052,0.186
,,,0.00002054,0.184
,,,0.00002056,0.186
,,,0.00002058,0.184
,,,0.0000206,0.186
,,,0.00002062,0.186
,,,0.00002064,0.19
,,,0.00002066,0.188
,,,0.00002068,0.188
,,,0.0000207,0.186
,,,0.00002072,0.186
,,,0.00002074,0.184
,,,0.00002076,0.188
,,,0.00002078,0.188
,,,0.0000208,0.188
,,,0.00002082,0.188
,,,0.00002084,0.194
,,,0.00002086,0.188
,,,0.00002088,0.186
,,,0.0000209,0.188
,,,0.00002092,0.188
,,,0.00002094,0.19
,,,0.00002096,0.188
,,,0.00002098,0.188
,,,0.000021,0.188
,,,0.00002102,0.186
,,,0.00002104,0.184
,,,0.00002106,0.19
,,,0.00002108,0.188
,,,0.0000211,0.186
,,,0.00002112,0.186
,,,0.00002114,0.188
,,,0.00002116,0.188
,,,0.00002118,0.184
,,,0.0000212,0.184
,,,0.00002122,0.188
,,,0.00002124,0.184
,,,0.00002126,0.186
,,,0.00002128,0.188
,,,0.0000213,0.188
,,,0.00002132,0.188
,,,0.00002134,0.188
,,,0.00002136,0.186
,,,0.00002138,0.184
,,,0.0000214,0.186
,,,0.00002142,0.188
,,,0.00002144,0.186
,,,0.00002146,0.186
,,,0.00002148,0.188
,,,0.0000215,0.186
,,,0.00002152,0.186
,,,0.00002154,0.186
,,,0.00002156,0.186
,,,0.00002158,0.186
,,,0.0000216,0.188
,,,0.00002162,0.184
,,,0.00002164,0.188
,,,0.00002166,0.188
,,,0.00002168,0.184
,,,0.0000217,0.186
,,,0.00002172,0.184
,,,0.00002174,0.182
,,,0.00002176,0.184
,,,0.00002178,0.188
,,,0.0000218,0.188
,,,0.00002182,0.186
,,,0.00002184,0.182
,,,0.00002186,0.188
,,,0.00002188,0.184
,,,0.0000219,0.184
,,,0.00002192,0.186
,,,0.00002194,0.186
,,,0.00002196,0.188
,,,0.00002198,0.182
,,,0.000022,0.186
,,,0.00002202,0.186
,,,0.00002204,0.186
,,,0.00002206,0.186
,,,0.00002208,0.186
,,,0.0000221,0.188
,,,0.00002212,0.19
,,,0.00002214,0.186
,,,0.00002216,0.188
,,,0.00002218,0.186
,,,0.0000222,0.186
,,,0.00002222,0.188
,,,0.00002224,0.186
,,,0.00002226,0.186
,,,0.00002228,0.188
,,,0.0000223,0.188
,,,0.00002232,0.188
,,,0.00002234,0.188
,,,0.00002236,0.188
,,,0.00002238,0.186
,,,0.0000224,0.188
,,,0.00002242,0.19
,,,0.00002244,0.186
,,,0.00002246,0.188
,,,0.00002248,0.186
,,,0.0000225,0.188
,,,0.00002252,0.186
,,,0.00002254,0.188
,,,0.00002256,0.184
,,,0.00002258,0.186
,,,0.0000226,0.186
,,,0.00002262,0.186
,,,0.00002264,0.19
,,,0.00002266,0.188
,,,0.00002268,0.184
,,,0.0000227,0.184
,,,0.00002272,0.184
,,,0.00002274,0.184
,,,0.00002276,0.184
,,,0.00002278,0.186
,,,0.0000228,0.186
,,,0.00002282,0.188
,,,0.00002284,0.184
,,,0.00002286,0.184
,,,0.00002288,0.186
,,,0.0000229,0.184
,,,0.00002292,0.188
,,,0.00002294,0.188
,,,0.00002296,0.19
,,,0.00002298,0.186
,,,0.000023,0.186
,,,0.00002302,0.186
,,,0.00002304,0.19
,,,0.00002306,0.188
,,,0.00002308,0.188
,,,0.0000231,0.186
,,,0.00002312,0.19
,,,0.00002314,0.19
,,,0.00002316,0.188
,,,0.00002318,0.186
,,,0.0000232,0.19
,,,0.00002322,0.184
,,,0.00002324,0.188
,,,0.00002326,0.186
,,,0.00002328,0.186
,,,0.0000233,0.188
,,,0.00002332,0.186
,,,0.00002334,0.188
,,,0.00002336,0.186
,,,0.00002338,0.184
,,,0.0000234,0.186
,,,0.00002342,0.182
,,,0.00002344,0.186
,,,0.00002346,0.182
,,,0.00002348,0.186
,,,0.0000235,0.182
,,,0.00002352,0.186
,,,0.00002354,0.184
,,,0.00002356,0.186
,,,0.00002358,0.186
,,,0.0000236,0.184
,,,0.00002362,0.186
,,,0.00002364,0.188
,,,0.00002366,0.188
,,,0.00002368,0.186
,,,0.0000237,0.188
,,,0.00002372,0.186
,,,0.00002374,0.184
,,,0.00002376,0.19
,,,0.00002378,0.188
,,,0.0000238,0.192
,,,0.00002382,0.19
,,,0.00002384,0.19
,,,0.00002386,0.188
,,,0.00002388,0.188
,,,0.0000239,0.188
,,,0.00002392,0.19
,,,0.00002394,0.192
,,,0.00002396,0.19
,,,0.00002398,0.186
,,,0.000024,0.184
,,,0.00002402,0.188
,,,0.00002404,0.186
,,,0.00002406,0.184
,,,0.00002408,0.188
,,,0.0000241,0.188
,,,0.00002412,0.186
,,,0.00002414,0.19
,,,0.00002416,0.188
,,,0.00002418,0.188
,,,0.0000242,0.188
,,,0.00002422,0.186
,,,0.00002424,0.19
,,,0.00002426,0.188
,,,0.00002428,0.188
,,,0.0000243,0.19
,,,0.00002432,0.188
,,,0.00002434,0.186
,,,0.00002436,0.18
,,,0.00002438,0.184
,,,0.0000244,0.188
,,,0.00002442,0.184
,,,0.00002444,0.188
,,,0.00002446,0.186
,,,0.00002448,0.188
,,,0.0000245,0.188
,,,0.00002452,0.19
,,,0.00002454,0.186
,,,0.00002456,0.186
,,,0.00002458,0.184
,,,0.0000246,0.192
,,,0.00002462,0.192
,,,0.00002464,0.19
,,,0.00002466,0.188
,,,0.00002468,0.188
,,,0.0000247,0.188
,,,0.00002472,0.19
,,,0.00002474,0.196
,,,0.00002476,0.194
,,,0.00002478,0.196
,,,0.0000248,0.202
,,,0.00002482,0.2
,,,0.00002484,0.2
,,,0.00002486,0.198
,,,0.00002488,0.2
,,,0.0000249,0.198
,,,0.00002492,0.202
,,,0.00002494,0.202
,,,0.00002496,0.208
,,,0.00002498,0.208
